"Record ID","Company name","Company owner","Create Date","Type","Lifecycle Stage","Lead Status","Associated Deal","Associated Deal IDs"
"34742899044","Devora","Gjermund Moastuen","2025-06-06 12:01","Prospect","Lead","Attempted to Contact","",""
"34742896781","Mixmove","Carl Petterson","2025-06-06 11:04","Prospect","Lead","New","",""
"34779890279","MyFoodOffice","Carl Petterson","2025-06-06 10:52","Prospect","Lead","New","",""
"34742896268","Riddlebit","Carl Petterson","2025-06-06 10:49","Prospect","Lead","New","",""
"34742869585","Kratos Norway AS","Gjermund Moastuen","2025-06-05 15:57","Prospect","Lead","New","",""
"34668489517","Onyx","Gjermund Moastuen","2025-06-05 14:23","Prospect","Lead","Attempted to Contact","",""
"34704956054","Proserv","Gjermund Moastuen","2025-06-05 09:40","Prospect","Lead","Attempted to Contact","",""
"34748009252","WELL ID AS","Gjermund Moastuen","2025-06-05 08:54","Prospect","Lead","Attempted to Contact","",""
"34668483900","Tann- Kjeve og Ansiktskirurgisk Klinikk AS","Gjermund Moastuen","2025-06-05 08:11","Prospect","Lead","Connected","",""
"34643452828","Ework Group","Gjermund Moastuen","2025-06-04 12:48","Prospect","Lead","Connected","",""
"34628786814","Cujo","Gjermund Moastuen","2025-06-04 12:22","Prospect","Lead","Attempted to Contact","",""
"34637922663","Snowflake","Gjermund Moastuen","2025-06-04 11:15","Prospect","Lead","Attempted to Contact","",""
"34647759219","Client Server","Gjermund Moastuen","2025-06-04 09:11","Prospect","Lead","Attempted to Contact","",""
"34611141434","Nåva Space","Carl Petterson","2025-06-03 20:29","Prospect","Lead","New","",""
"34588564231","Tine","Gjermund Moastuen","2025-06-03 15:55","Prospect","Lead","New","",""
"34564006968","Midio","Carl Petterson","2025-06-03 14:51","Prospect","Lead","Attempted to Contact","",""
"34522594310","Lace Lithopgraphy","Gjermund Moastuen","2025-06-03 07:24","Prospect","Lead","New","",""
"34554667340","Gallagher & Robertson","Gjermund Moastuen","2025-06-03 07:02","Prospect","Lead","Attempted to Contact","",""
"34542161265","TaskCtrl","Gjermund Moastuen","2025-06-03 06:53","Prospect","Lead","Attempted to Contact","",""
"34524418469","Lovdata","Gjermund Moastuen","2025-06-03 06:41","Prospect","Lead","New","",""
"34513970865","Forsta","Gjermund Moastuen","2025-06-02 19:45","Prospect","Lead","New","",""
"34513959698","Barde Software AS","Carl Petterson","2025-06-02 12:54","Prospect","Lead","New","",""
"34513959605","Fürst","Gjermund Moastuen","2025-06-02 12:50","Prospect","Lead","Attempted to Contact","",""
"34514020761","H5P Group AS","Gjermund Moastuen","2025-06-02 12:34","Prospect","Lead","Attempted to Contact","",""
"34524395107","Fagbrev","Gjermund Moastuen","2025-06-02 12:17","Prospect","Lead","Attempted to Contact","",""
"34542137601","Knips","Gjermund Moastuen","2025-06-02 11:38","Prospect","Lead","Attempted to Contact","",""
"34514020151","Represent","Gjermund Moastuen","2025-06-02 11:30","Prospect","Lead","Attempted to Contact","",""
"34542137178","Qwips","Gjermund Moastuen","2025-06-02 11:09","Prospect","Lead","Attempted to Contact","",""
"34542136451","Stimline digital","Gjermund Moastuen","2025-06-02 10:15","Prospect","Lead","Attempted to Contact","",""
"34514017568","A 2","Gjermund Moastuen","2025-06-02 08:13","Prospect","Lead","Attempted to Contact","",""
"34628786077","vhosting.no","Gjermund Moastuen","2025-06-02 07:18","Prospect","Lead","New","",""
"34513955457","CICERO","Gjermund Moastuen","2025-06-02 06:38","Prospect","Lead","New","",""
"34453836566","Endor","Gjermund Moastuen","2025-05-30 15:14","Prospect","Lead","Attempted to Contact","",""
"34453835142","Space Norway","Gjermund Moastuen","2025-05-30 14:05","Prospect","Lead","Attempted to Contact","",""
"34462190641","Skuld","Gjermund Moastuen","2025-05-30 13:24","Prospect","Lead","Attempted to Contact","",""
"34380810641","OpenHorizon","Carl Petterson","2025-05-30 12:34","Prospect","Lead","Attempted to Contact","",""
"34461661528","Morescope","Carl Petterson","2025-05-30 12:32","Prospect","Lead","Attempted to Contact","",""
"34461106074","Cradl","Carl Petterson","2025-05-30 12:29","Prospect","Lead","New","",""
"34380810563","Justify AS","Carl Petterson","2025-05-30 12:22","Prospect","Lead","Attempted to Contact","",""
"34453833882","Bluejam","Carl Petterson","2025-05-30 12:19","Prospect","Lead","New","",""
"34463580434","Done","Carl Petterson","2025-05-30 12:12","Prospect","Lead","New","",""
"34380810409","Unlisted","Carl Petterson","2025-05-30 12:10","Prospect","Lead","New","",""
"34453832474","Praktisk Utdanning AS","Carl Petterson","2025-05-30 10:42","Prospect","Lead","Attempted to Contact","",""
"34461104181","Franzefoss Gjenvinning AS","Gjermund Moastuen","2025-05-30 10:15","Prospect","Lead","Connected","",""
"34442188088","A People","Gjermund Moastuen","2025-05-29 13:43","Prospect","Lead","Attempted to Contact","",""
"34161022390","Arktekk","Carl Petterson","2025-05-28 10:16","Prospect","Lead","Connected","",""
"34195034193","TaCtrl.ai AS","Gjermund Moastuen","2025-05-27 14:54","Prospect","Lead","Attempted to Contact","",""
"34264435854","Vaskehjelp","Gjermund Moastuen","2025-05-27 14:08","Prospect","Lead","Nurturing","",""
"34182964566","Insite Media AS","Gjermund Moastuen","2025-05-27 13:58","Prospect","Lead","Attempted to Contact","",""
"34112597394","Aritma","Gjermund Moastuen","2025-05-27 13:51","Prospect","Lead","Attempted to Contact","",""
"34115316541","Skagerak Energi","Gjermund Moastuen","2025-05-27 13:44","Prospect","Lead","Attempted to Contact","",""
"34112593583","ServeTheWorld AS","Gjermund Moastuen","2025-05-27 09:44","Prospect","Lead","Attempted to Contact","",""
"34087287556","Fellesordningen for AFP","Gjermund Moastuen","2025-05-27 08:47","Prospect","Lead","Attempted to Contact","",""
"34160972367","ODA Connect","Gjermund Moastuen","2025-05-26 14:54","Prospect","Lead","Attempted to Contact","",""
"34115296530","Plyo","Gjermund Moastuen","2025-05-26 12:00","Prospect","Lead","Attempted to Contact","",""
"34115296036","Dlvry","Gjermund Moastuen","2025-05-26 11:34","Prospect","Lead","Attempted to Contact","",""
"34032905135","Talkmore","Gjermund Moastuen","2025-05-23 10:02","Prospect","Lead","Attempted to Contact","",""
"33840317101","Lendo","Gjermund Moastuen","2025-05-22 13:14","Prospect","Lead","Attempted to Contact","",""
"33779293968","Equro","Gjermund Moastuen","2025-05-22 12:33","Prospect","Sales Qualified Lead","Connected","",""
"33794287450","Tunable","Gjermund Moastuen","2025-05-22 12:10","Prospect","Lead","","",""
"33742632512","Plaace AS","Carl Petterson","2025-05-22 06:38","Prospect","Lead","Nurturing","",""
"33702358552","Cavotec","Gjermund Moastuen","2025-05-20 15:36","Prospect","Lead","Attempted to Contact","",""
"33702339934","Factlines","Gjermund Moastuen","2025-05-20 10:45","Prospect","Lead","Attempted to Contact","",""
"33702338904","Norwegian Lab","Gjermund Moastuen","2025-05-20 10:12","Prospect","Lead","Attempted to Contact","",""
"33684649779","Domeneshop","Gjermund Moastuen","2025-05-20 08:43","Prospect","Lead","Attempted to Contact","",""
"33702333783","Mobai","Gjermund Moastuen","2025-05-20 08:21","Prospect","Lead","Attempted to Contact","",""
"33684648013","Standard Norge","Gjermund Moastuen","2025-05-20 08:02","Prospect","Lead","Attempted to Contact","",""
"33702344212","Maritime Robotics AS","Gjermund Moastuen","2025-05-20 07:19","Prospect","Lead","Attempted to Contact","",""
"33686413206","geheatlhcare.com","Gjermund Moastuen","2025-05-20 06:49","Prospect","Lead","Attempted to Contact","",""
"33684646252","GE HEALTHCARE AS","Gjermund Moastuen","2025-05-20 06:45","Prospect","Lead","Attempted to Contact","",""
"33651181092","EntyTech AS","Gjermund Moastuen","2025-05-19 15:25","Prospect","Lead","Attempted to Contact","",""
"33649216421","Jakob Hatteland Computer AS","Gjermund Moastuen","2025-05-19 14:36","Prospect","Lead","Attempted to Contact","",""
"33649215874","Onitio","Gjermund Moastuen","2025-05-19 14:33","Prospect","Lead","Attempted to Contact","",""
"33604504167","Argeo","Gjermund Moastuen","2025-05-19 09:18","Prospect","Lead","Connected","",""
"33609080099","Viken Fiber","Gjermund Moastuen","2025-05-19 08:46","Prospect","Lead","Connected","",""
"33604502564","Sykehusinnkjøp HF","Gjermund Moastuen","2025-05-19 08:43","Prospect","Lead","Connected","",""
"33604500090","Helsetjenestens driftsorganisasjon","Gjermund Moastuen","2025-05-19 07:31","Prospect","Lead","Attempted to Contact","",""
"33604499892","Kartverket","Gjermund Moastuen","2025-05-19 07:24","Prospect","Lead","Attempted to Contact","",""
"33604421017","StudioX","Carl Petterson","2025-05-18 10:33","Prospect","Lead","Nurturing","",""
"33547966604","Måsøval AS","Carl Petterson","2025-05-16 12:00","Prospect","Lead","Connected","",""
"33557999114","Safey","Gjermund Moastuen","2025-05-16 08:47","Prospect","Lead","Attempted to Contact","",""
"33410946207","Monli","Gjermund Moastuen","2025-05-14 09:44","Prospect","Lead","Attempted to Contact","",""
"33410945340","Utel","Gjermund Moastuen","2025-05-14 09:18","Prospect","Lead","","",""
"33410940213","Questigate","Gjermund Moastuen","2025-05-14 06:26","Prospect","Opportunity","Connected","Questigate - Ny Deal","37408733775"
"34380807829","Unstad AS","Carl Petterson","2025-05-13 12:42","Prospect","Lead","Attempted to Contact","",""
"33099432874","Promineo","Carl Petterson","2025-05-07 14:50","Prospect","Disqualified ","Connected","",""
"33049354386","WingTech","Gjermund Moastuen","2025-05-07 11:14","Prospect","Lead","Attempted to Contact","",""
"33097919588","LipScore","Gjermund Moastuen","2025-05-07 10:47","Prospect","Lead","Connected","",""
"32947415372","Salesup","Gjermund Moastuen","2025-05-05 12:20","Prospect","Lead","","",""
"32947412898","Staffer","Gjermund Moastuen","2025-05-05 11:44","Prospect","Lead","","",""
"32947422107","Healthsum","Gjermund Moastuen","2025-05-05 09:10","Prospect","Opportunity","Connected","Healthsum - Ny Deal","38450240891"
"32934402739","Power IT","Carl Petterson","2025-05-05 07:42","Prospect","Lead","New","",""
"32822825286","Quinyx","Carl Petterson","2025-04-30 13:39","Prospect","Lead","New","",""
"32787416085","NorwAI","Gjermund Moastuen","2025-04-30 10:28","Prospect","Lead","Attempted to Contact","",""
"34660176734","Nxtech","Gjermund Moastuen","2025-04-30 09:45","Prospect","Opportunity","Connected","Nxtech AS - Ny avtale","36943833191"
"32636972359","Sjøfartsdirektoratet","Gjermund Moastuen","2025-04-28 11:41","Prospect","Lead","","",""
"32670648397","Braathens IT","Carl Petterson","2025-04-28 11:25","Prospect","Lead","Nurturing","",""
"32636970880","Minus1","Carl Petterson","2025-04-28 11:13","Prospect","Disqualified ","Connected","",""
"32446399040","eXOREAction","Gjermund Moastuen","2025-04-24 13:49","Prospect","Opportunity","Connected","eXOREAction - Ny Deal","36173050208"
"32441791625","Burson","Gjermund Moastuen","2025-04-24 09:43","Prospect","Lead","","",""
"32414528653","Aidn","Carl Petterson","2025-04-23 14:49","Prospect","Lead","Connected","",""
"32411984385","Høglund AS","Gjermund Moastuen","2025-04-23 10:31","Prospect","Lead","New","",""
"32411983739","Lønnebakken skole","Gjermund Moastuen","2025-04-23 10:20","Prospect","Lead","Restart","",""
"32411982445","Havnekraft","Carl Petterson","2025-04-23 09:54","Prospect","Lead","New","",""
"32412196740","Diller AS","Gjermund Moastuen","2025-04-23 09:41","Prospect","Lead","Restart","",""
"32410235727","Sperre Air Power","Gjermund Moastuen","2025-04-23 05:00","Prospect","Lead","Restart","",""
"32410234007","Man and Machine","Gjermund Moastuen","2025-04-23 03:48","Prospect","Lead","Attempted to Contact","",""
"32410233514","NorDan Norge","Gjermund Moastuen","2025-04-23 03:26","Prospect","Lead","Restart","",""
"32359305767","Smart Innovation Norway","Gjermund Moastuen","2025-04-23 02:49","Prospect","Lead","Restart","",""
"32359305301","Norgesnett","Gjermund Moastuen","2025-04-23 02:32","Prospect","Lead","Attempted to Contact","",""
"32410231985","airMont","Gjermund Moastuen","2025-04-23 02:23","Prospect","Sales Qualified Lead","Connected","",""
"32338394744","Trondheim Parkering AS","Carl Petterson","2025-04-22 11:05","Prospect","Lead","New","",""
"32305266033","Artsdatabanken","Gjermund Moastuen","2025-04-22 08:12","Prospect","Lead","","",""
"32305265734","Agilera","Gjermund Moastuen","2025-04-22 07:59","Prospect","Lead","Attempted to Contact","",""
"32323950673","Xlent AS","Gjermund Moastuen","2025-04-22 05:00","Prospect","Lead","Attempted to Contact","",""
"32305261348","TimeXtender","Carl Petterson","2025-04-22 04:56","Prospect","Lead","Restart","",""
"33049356399","UtilityCloud","Carl Petterson","2025-04-22 04:44","Prospect","Lead","Attempted to Contact","",""
"32012688169","Mittandbud","Gjermund Moastuen","2025-04-14 08:35","Prospect","Lead","New","",""
"31774955434","Skodre","Gjermund Moastuen","2025-04-04 09:57","Prospect","Lead","Connected","",""
"31779670322","Lørenskog Utvikling","Gjermund Moastuen","2025-04-04 08:40","Prospect","Lead","Connected","",""
"31804167489","Hoosly","Gjermund Moastuen","2025-04-04 07:25","Prospect","Opportunity","Opportunity","Hoosly - Ny Deal","37551362715"
"31774949742","FHI","Gjermund Moastuen","2025-04-04 07:19","Prospect","Lead","Attempted to Contact","",""
"31691875372","Cobrief","Carl Petterson","2025-04-02 10:45","Prospect","Lead","New","",""
"31659755843","colosseum.no","Gjermund Moastuen","2025-04-02 07:52","Prospect","Lead","Attempted to Contact","",""
"31667549292","Colosseumklinikken AS","Gjermund Moastuen","2025-04-02 07:51","Prospect","Lead","Attempted to Contact","",""
"31669451407","ndra.no","Gjermund Moastuen","2025-04-02 07:48","Prospect","Lead","Attempted to Contact","",""
"31645295995","DN Media Group AS","Gjermund Moastuen","2025-04-02 07:25","Prospect","Lead","New","",""
"31667546977","Ispas","Gjermund Moastuen","2025-04-02 06:00","Prospect","Lead","Attempted to Contact","",""
"31667524508","Euronext","Gjermund Moastuen","2025-04-01 21:43","Prospect","Lead","Attempted to Contact","",""
"31667523472","Veni Energy","Gjermund Moastuen","2025-04-01 21:34","Prospect","Lead","","",""
"31667522125","Enerin","Gjermund Moastuen","2025-04-01 21:22","Prospect","Lead","Attempted to Contact","",""
"31667515195","Micronet","Gjermund Moastuen","2025-04-01 20:18","Prospect","Lead","Attempted to Contact","",""
"31645020519","Tibe","Gjermund Moastuen","2025-04-01 16:38","Prospect","Lead","Attempted to Contact","",""
"31646281091","Zaptec","Gjermund Moastuen","2025-04-01 16:05","Prospect","Lead","Attempted to Contact","",""
"31609085364","Highcharts","Gjermund Moastuen","2025-04-01 15:44","Prospect","Lead","New","",""
"31605205894","Avitell","Gjermund Moastuen","2025-04-01 15:27","Prospect","Lead","New","",""
"31605202823","Comsol","Gjermund Moastuen","2025-04-01 14:52","Prospect","Lead","New","",""
"31573492336","Lifeness","Carl Petterson","2025-03-31 15:17","Prospect","Lead","New","",""
"31490463366","Otte AS","Carl Petterson","2025-03-28 12:45","Prospect","Lead","Connected","",""
"31453492905","Beyond","Carl Petterson","2025-03-27 14:53","Prospect","Lead","Connected","",""
"31449915244","Nyby","Carl Petterson","2025-03-27 13:19","Prospect","Lead","","",""
"31449653010","Yne","Gjermund Moastuen","2025-03-27 10:08","Prospect","Lead","New","",""
"31447162245","Sandnes Eiendom Invest","Gjermund Moastuen","2025-03-27 09:15","Prospect","Lead","Attempted to Contact","",""
"31448972042","Varner","Gjermund Moastuen","2025-03-27 09:12","Prospect","Lead","Attempted to Contact","",""
"31430148248","Egmont","Gjermund Moastuen","2025-03-27 08:33","Prospect","Lead","Attempted to Contact","",""
"31446734197","STORY HOUSE EGMONT AS","Gjermund Moastuen","2025-03-27 08:25","Prospect","Lead","Attempted to Contact","",""
"31446734093","Galleon Embedded Computing","Gjermund Moastuen","2025-03-27 08:20","Prospect","Lead","New","",""
"31432250215","Active Brands","Gjermund Moastuen","2025-03-26 15:43","Prospect","Lead","New","",""
"31432247411","Trondrud Engineering","Gjermund Moastuen","2025-03-26 15:23","Prospect","Lead","New","",""
"31417870498","Montel","Gjermund Moastuen","2025-03-26 15:13","Prospect","Lead","Attempted to Contact","",""
"31432236945","Gexcon","Gjermund Moastuen","2025-03-26 13:57","Prospect","Lead","Attempted to Contact","",""
"31417860470","Vard","Gjermund Moastuen","2025-03-26 13:49","Prospect","Lead","Connected","",""
"31405982475","frontline.cy","Gjermund Moastuen","2025-03-26 13:22","Prospect","Lead","Attempted to Contact","",""
"31432233741","Frontline","Gjermund Moastuen","2025-03-26 13:14","Prospect","Lead","Attempted to Contact","",""
"31417853461","Colli Care","Gjermund Moastuen","2025-03-26 11:50","Prospect","Lead","Attempted to Contact","",""
"31417852679","Aqua Kompetanse","Gjermund Moastuen","2025-03-26 11:34","Prospect","Lead","Attempted to Contact","",""
"31434023578","Svea Bank","Gjermund Moastuen","2025-03-26 10:56","Prospect","Lead","Attempted to Contact","",""
"31417846072","BankID BankAxcept AS","Gjermund Moastuen","2025-03-26 09:37","Prospect","Lead","Attempted to Contact","",""
"31417842029","Oslo Universitetssykehus","Carl Petterson","2025-03-26 07:41","Prospect","Lead","Connected","",""
"31415334760","Odercontrol","Gjermund Moastuen","2025-03-25 17:02","Prospect","Sales Qualified Lead","Connected","",""
"31416679232","Norsk Sau og Geit","Gjermund Moastuen","2025-03-25 16:55","Prospect","Lead","Attempted to Contact","",""
"31378440285","Prelect","Carl Petterson","2025-03-24 21:45","Prospect","Lead","Attempted to Contact","",""
"31309577307","Mapsi","Gjermund Moastuen","2025-03-24 12:57","Prospect","Lead","Attempted to Contact","",""
"31285964448","Noria Vest","Gjermund Moastuen","2025-03-21 13:20","Prospect","Lead","Connected","",""
"31284140630","Traget 365","Gjermund Moastuen","2025-03-21 09:19","Prospect","Lead","Connected","",""
"31127816252","Media Direct Norge","Gjermund Moastuen","2025-03-18 10:02","Prospect","Lead","Attempted to Contact","",""
"31127815842","Norsk Rikstoto","Carl Petterson","2025-03-18 09:55","Prospect","Lead","Attempted to Contact","",""
"31127808162","Norsk Gjenvinning","Gjermund Moastuen","2025-03-18 06:26","Prospect","Lead","Attempted to Contact","",""
"31127806898","Univers AS","Gjermund Moastuen","2025-03-18 05:45","Prospect","Lead","Attempted to Contact","",""
"31115729518","Solea","Carl Petterson","2025-03-17 12:02","Prospect","Lead","Connected","",""
"31037701233","Cutters","Gjermund Moastuen","2025-03-14 11:53","Prospect","Lead","Attempted to Contact","",""
"31037379967","NTB","Gjermund Moastuen","2025-03-14 08:29","Prospect","Lead","Attempted to Contact","",""
"31043469415","Penneo","Gjermund Moastuen","2025-03-14 08:24","Prospect","Lead","Attempted to Contact","",""
"31043469127","iVerdi","Gjermund Moastuen","2025-03-14 08:13","Prospect","Lead","Attempted to Contact","",""
"31042613083","Outsearching","Gjermund Moastuen","2025-03-13 19:32","Prospect","Opportunity","Connected","Outsearching - Ny avtale","34689145910"
"31042597754","Integrera","Gjermund Moastuen","2025-03-13 17:29","Prospect","Opportunity","Connected","Integra AS - Ny avtale","34943563412"
"31015471211","Ahlsell Group","Gjermund Moastuen","2025-03-13 06:46","Prospect","Lead","Attempted to Contact","",""
"31009503779","Ahlsell Norge AS","Gjermund Moastuen","2025-03-13 06:42","Prospect","Lead","Attempted to Contact","",""
"31009503043","Reodor Studios","Gjermund Moastuen","2025-03-13 06:15","Prospect","Opportunity","Connected","Reodor Studios","35525483151"
"30995048621","Powerpal","Gjermund Moastuen","2025-03-12 18:30","Prospect","Lead","New","",""
"30875479823","Nettbil","Gjermund Moastuen","2025-03-10 10:11","Prospect","Sales Qualified Lead","Connected","",""
"30825229330","Felleskjøpet Rogaland Agder","Gjermund Moastuen","2025-03-09 14:56","Prospect","Lead","New","",""
"30779031919","Situne AS","Gjermund Moastuen","2025-03-09 13:35","Prospect","Opportunity","Connected","Situne - Ny avtale","34943562496"
"30777497677","Lea bank","Gjermund Moastuen","2025-03-07 14:41","Prospect","Lead","New","",""
"30773968792","Again X","Gjermund Moastuen","2025-03-07 11:59","Prospect","Lead","New","",""
"30773967688","Mediaset - Solutions for Retail","Gjermund Moastuen","2025-03-07 11:33","Prospect","Lead","","",""
"30731915802","Scatec","Carl Petterson","2025-03-06 10:13","Prospect","Lead","New","",""
"30749051736","Elopak","Carl Petterson","2025-03-06 10:08","Prospect","Lead","New","",""
"30684303517","Marine Technologies","Gjermund Moastuen","2025-03-06 07:22","Prospect","Lead","New","",""
"30700908666","Kameleon","Gjermund Moastuen","2025-03-05 17:56","Prospect","Lead","New","",""
"30680804898","youcations.com","Gjermund Moastuen","2025-03-05 15:29","Prospect","Lead","New","",""
"30679383967","SpinChip","Gjermund Moastuen","2025-03-05 15:11","Prospect","Lead","New","",""
"30679348356","Econ Nordic","Gjermund Moastuen","2025-03-05 15:00","Prospect","Lead","New","",""
"30679347777","Nettbureau","Gjermund Moastuen","2025-03-05 14:53","Prospect","Lead","New","",""
"30679347117","Patentstyret - Norwegian Industrial Property Office","Gjermund Moastuen","2025-03-05 14:46","Prospect","Lead","New","",""
"30662714751","health2b.no","Carl Petterson","2025-03-05 14:39","Prospect","Lead","New","",""
"30679698304","Aleap","Carl Petterson","2025-03-05 14:37","Prospect","Lead","Connected","",""
"30675596706","Vi3","Gjermund Moastuen","2025-03-05 11:53","Prospect","Lead","New","",""
"30662706007","reduzer app","Gjermund Moastuen","2025-03-05 11:25","Prospect","Lead","New","",""
"30675168606","TheVIT","Gjermund Moastuen","2025-03-05 09:17","Prospect","Lead","Connected","",""
"30662696350","Entrepedia","Gjermund Moastuen","2025-03-05 09:04","Prospect","Lead","New","",""
"30662695946","Lexolve","Gjermund Moastuen","2025-03-05 08:52","Prospect","Lead","New","",""
"30672404304","Fossagrim","Gjermund Moastuen","2025-03-05 08:37","Prospect","Lead","New","",""
"30645194043","JOR","Gjermund Moastuen","2025-03-04 11:38","Prospect","Lead","New","",""
"30644473622","Manda","Gjermund Moastuen","2025-03-04 11:23","Prospect","Lead","New","",""
"30644473168","Spoor","Gjermund Moastuen","2025-03-04 11:15","Prospect","Lead","New","",""
"30645191213","Li-Tech","Gjermund Moastuen","2025-03-04 10:18","Prospect","Lead","New","",""
"30644466733","Saga Legal AI","Gjermund Moastuen","2025-03-04 09:13","Prospect","Lead","New","",""
"30644452665","Frequentis","Gjermund Moastuen","2025-03-04 01:46","Prospect","Lead","New","",""
"30576755337","Kindly","Gjermund Moastuen","2025-03-03 15:25","Prospect","Lead","New","",""
"30576750205","Noteless","Gjermund Moastuen","2025-03-03 14:19","Prospect","Lead","New","",""
"30556971524","Keenious","Gjermund Moastuen","2025-03-01 09:34","Prospect","Lead","New","",""
"30525558112","Motivation Branding","Gjermund Moastuen","2025-02-28 17:44","Prospect","Lead","New","",""
"30532800895","proprate.com","Gjermund Moastuen","2025-02-28 17:04","Prospect","Lead","New","",""
"30516740663","bloomoslo.no","Gjermund Moastuen","2025-02-28 16:59","Prospect","Lead","Connected","",""
"30555030282","StormGeo","Gjermund Moastuen","2025-02-28 14:17","Prospect","Lead","New","",""
"30490872104","Radionor Communications AS","Gjermund Moastuen","2025-02-28 13:32","Prospect","Lead","New","",""
"30498932801","Dr.Dropin","Gjermund Moastuen","2025-02-28 11:26","Prospect","Lead","New","",""
"30438852531","Amazon Prime Video","Carl Petterson","2025-02-27 10:20","Prospect","Sales Qualified Lead","Connected","",""
"30451805104","Adminkit","Gjermund Moastuen","2025-02-27 09:54","Prospect","Lead","New","",""
"30451804843","Leasi","Gjermund Moastuen","2025-02-27 09:50","Prospect","Lead","New","",""
"30438849128","Sunphade","Gjermund Moastuen","2025-02-27 09:19","Prospect","Lead","New","",""
"30451799914","HENT AS","Gjermund Moastuen","2025-02-27 07:37","Prospect","Lead","New","",""
"30438845624","ninito AS","Gjermund Moastuen","2025-02-27 07:35","Prospect","Lead","New","",""
"30416103572","Palfinger Norge","Gjermund Moastuen","2025-02-26 14:35","Prospect","Lead","New","",""
"30378716482","Espos Norge AS","Gjermund Moastuen","2025-02-26 14:20","Prospect","Lead","New","",""
"30378712741","XOPS","Gjermund Moastuen","2025-02-26 13:09","Prospect","Lead","New","",""
"30378712358","Construct Venture","Gjermund Moastuen","2025-02-26 13:00","Prospect","Lead","New","",""
"30378711939","Gripr - prosjektverktøyet for håndverkeren","Gjermund Moastuen","2025-02-26 12:51","Prospect","Lead","New","",""
"30378697057","Sportienda","Gjermund Moastuen","2025-02-26 07:34","Prospect","Lead","New","",""
"30364485160","Schibsted Partnerstudio","Carl Petterson","2025-02-25 13:43","Prospect","Sales Qualified Lead","Connected","",""
"30345726724","Glede","Gjermund Moastuen","2025-02-25 13:42","Prospect","Lead","New","",""
"30366422942","Bring Intermodal AS","Gjermund Moastuen","2025-02-25 13:34","Prospect","Lead","Attempted to Contact","",""
"30364484650","Posten Bring","Gjermund Moastuen","2025-02-25 13:33","Prospect","Lead","Connected","",""
"30345725599","Culture Exploit","Gjermund Moastuen","2025-02-25 13:19","Prospect","Lead","New","",""
"30345723421","importflow.no","Gjermund Moastuen","2025-02-25 12:40","Prospect","Lead","Attempted to Contact","",""
"30349674498","offgridenergy.no","Gjermund Moastuen","2025-02-25 09:43","Prospect","Lead","New","",""
"30349673622","vouch.careers","Gjermund Moastuen","2025-02-25 09:30","Prospect","Lead","New","",""
"30349672470","Fyr","Carl Petterson","2025-02-25 09:03","Prospect","Lead","New","",""
"30330838408","Telescope","Carl Petterson","2025-02-24 10:31","Prospect","Lead","New","",""
"30318993440","apomed.no","Gjermund Moastuen","2025-02-24 08:15","Prospect","Lead","New","",""
"30318992685","PLAATO","Gjermund Moastuen","2025-02-24 07:35","Prospect","Lead","New","",""
"30318969437","Elastic","Carl Petterson","2025-02-22 21:37","Prospect","Lead","New","",""
"30247828325","idntfy.me","Gjermund Moastuen","2025-02-20 16:14","Prospect","Lead","New","",""
"30211618638","Complit AS","Gjermund Moastuen","2025-02-20 11:19","Prospect","Lead","Attempted to Contact","",""
"30133349450","Strawberry","Carl Petterson","2025-02-19 13:05","Prospect","Lead","New","",""
"30002663692","Lånekassen","Gjermund Moastuen","2025-02-17 11:40","Prospect","Lead","Attempted to Contact","",""
"30040932941","Frivind AS","Gjermund Moastuen","2025-02-17 11:29","Prospect","Lead","Attempted to Contact","",""
"30002662972","Choppycast","Gjermund Moastuen","2025-02-17 11:27","Prospect","Lead","New","",""
"30002660948","eld365","Gjermund Moastuen","2025-02-17 10:51","Prospect","Lead","Attempted to Contact","",""
"30002655410","Byggmesterforsikring","Gjermund Moastuen","2025-02-17 08:57","Prospect","Lead","New","",""
"30038832773","OwnersRoom","Gjermund Moastuen","2025-02-17 08:36","Prospect","Opportunity","Connected","OwnersRoom - Ny avtale","34651666763"
"30026393723","Curve.no","Gjermund Moastuen","2025-02-16 13:18","Prospect","Lead","Attempted to Contact","",""
"29900315055","NVE","Carl Petterson","2025-02-13 08:00","Prospect","Disqualified ","Connected","",""
"29898641547","Vespa.ai","Carl Petterson","2025-02-13 07:48","Prospect","Lead","Attempted to Contact","",""
"29898641302","Statens vegvesen","Carl Petterson","2025-02-13 07:43","Prospect","Lead","Attempted to Contact","",""
"29900258618","Plan My Space","Gjermund Moastuen","2025-02-12 16:13","Prospect","Lead","Attempted to Contact","",""
"29886949300","Kobbr","Gjermund Moastuen","2025-02-12 16:01","Prospect","Lead","New","",""
"29886947419","cardboard.inc","Gjermund Moastuen","2025-02-12 15:49","Prospect","Lead","Attempted to Contact","",""
"29880892020","paldo.no","Gjermund Moastuen","2025-02-12 12:41","Prospect","Lead","Attempted to Contact","",""
"29879801906","odins.ai","Gjermund Moastuen","2025-02-12 10:22","Prospect","Lead","Attempted to Contact","",""
"30318964506","Marketer","Gjermund Moastuen","2025-02-11 07:16","Prospect","Lead","Attempted to Contact","",""
"29779465756","nuu.no","Gjermund Moastuen","2025-02-10 16:47","Prospect","Lead","Attempted to Contact","",""
"29653804438","Sogelink","Gjermund Moastuen","2025-02-06 14:09","Prospect","Lead","Connected","",""
"29572253017","Miljøfyrtårn","Carl Petterson","2025-02-04 20:56","Prospect","Lead","Connected","",""
"29539028613","SwiftLink","Gjermund Moastuen","2025-02-04 16:31","Prospect","Lead","Attempted to Contact","",""
"30326239579","Artimis","Gjermund Moastuen","2025-02-04 16:22","Prospect","Lead","Attempted to Contact","",""
"29511569036","Gassco","Gjermund Moastuen","2025-02-04 12:40","Prospect","Lead","Attempted to Contact","",""
"29487744025","Budbee","Gjermund Moastuen","2025-02-03 18:32","Prospect","Lead","Attempted to Contact","",""
"29473102149","Metier","Gjermund Moastuen","2025-02-03 15:48","Prospect","Lead","Attempted to Contact","",""
"29466263578","Instabee","Gjermund Moastuen","2025-02-03 12:13","Prospect","Lead","Attempted to Contact","",""
"29459393833","Eyvi","Gjermund Moastuen","2025-02-03 11:24","Prospect","Lead","Attempted to Contact","",""
"29456902071","Reach Subsea","Gjermund Moastuen","2025-02-03 08:03","Prospect","Lead","Attempted to Contact","",""
"29454903059","Microlog","Gjermund Moastuen","2025-02-03 07:51","Prospect","Lead","Attempted to Contact","",""
"30326240258","Fonn Group","Gjermund Moastuen","2025-02-03 07:04","Prospect","Lead","Attempted to Contact","",""
"29431630390","Grete Roede AS","Carl Petterson","2025-02-02 16:35","Prospect","Opportunity","Opportunity","Grete Roede AS - New Deal","36393369943"
"29342770452","AFRY","Gjermund Moastuen","2025-01-31 07:41","Prospect","Lead","Connected","",""
"29336375145","Antler","Gjermund Moastuen","2025-01-30 16:38","Prospect","Lead","Attempted to Contact","",""
"29314443176","imidi.no","Gjermund Moastuen","2025-01-30 06:56","Prospect","Lead","Attempted to Contact","",""
"29314901609","Integrerings- og mangfoldsdirektoratet","Gjermund Moastuen","2025-01-30 06:42","Prospect","Lead","Attempted to Contact","",""
"29287913319","X-Receipts","Carl Petterson","2025-01-29 22:37","Prospect","Lead","New","",""
"29287913221","SmartOcean","Carl Petterson","2025-01-29 22:35","Prospect","Lead","New","",""
"29201885368","peoplemademachines.com","Carl Petterson","2025-01-28 12:06","Prospect","Lead","New","",""
"29200885061","Where2O AS","Carl Petterson","2025-01-28 08:59","Prospect","Lead","New","",""
"29099843233","Starflow","Gjermund Moastuen","2025-01-27 17:57","Prospect","Lead","Attempted to Contact","",""
"29085020052","FLIR","Gjermund Moastuen","2025-01-27 17:39","Prospect","Lead","Attempted to Contact","",""
"29081593911","Stacq","Gjermund Moastuen","2025-01-27 17:24","Prospect","Lead","Attempted to Contact","",""
"29059050317","Enfy","Gjermund Moastuen","2025-01-27 15:31","Prospect","Lead","Attempted to Contact","",""
"29061562118","Nordic Brain Tech AS","Carl Petterson","2025-01-27 15:05","Prospect","Lead","New","",""
"29058039975","www.skyfall.vc","Carl Petterson","2025-01-27 14:29","Prospect","Lead","New","",""
"29058039871","Glintlighting","Carl Petterson","2025-01-27 14:27","Prospect","Lead","New","",""
"29058039816","Otovo","Carl Petterson","2025-01-27 14:27","Prospect","Lead","New","",""
"28975882053","Steer AS","Gjermund Moastuen","2025-01-27 10:29","Prospect","Lead","Connected","",""
"28975877919","Skanska Eiendomsutvikling","Gjermund Moastuen","2025-01-27 08:58","Prospect","Lead","Attempted to Contact","",""
"28975876791","IMI Hydronic UK","Gjermund Moastuen","2025-01-27 08:19","Prospect","Lead","Attempted to Contact","",""
"29043447848","FocusAI","Gjermund Moastuen","2025-01-27 07:02","Prospect","Lead","New","",""
"28953071129","Agoda","Gjermund Moastuen","2025-01-24 14:51","Prospect","Lead","New","",""
"28926523661","Quadim AS","Gjermund Moastuen","2025-01-24 13:35","Prospect","Lead","Connected","",""
"28941984790","Unos IT","Gjermund Moastuen","2025-01-24 13:32","Prospect","Lead","Connected","",""
"28909476500","annuum","Carl Petterson","2025-01-23 13:59","Prospect","Lead","New","",""
"30318964031","Allente","Gjermund Moastuen","2025-01-23 09:28","Prospect","Lead","Attempted to Contact","",""
"28859308178","cormod.com","Gjermund Moastuen","2025-01-21 17:59","Prospect","Lead","Attempted to Contact","",""
"28854914888","Comrod","Gjermund Moastuen","2025-01-21 17:57","Prospect","Lead","Attempted to Contact","",""
"28836285236","IoT Norway","Gjermund Moastuen","2025-01-21 15:45","Prospect","Lead","Attempted to Contact","",""
"28829534993","NKI Nettstudier","Gjermund Moastuen","2025-01-21 12:44","Prospect","Lead","Attempted to Contact","",""
"28831825319","Ageri","Gjermund Moastuen","2025-01-21 12:24","Prospect","Closed-Won","Attempted to Contact","Byrå - Ageri AS","32780751797"
"28828485987","Tenth Revolution Group","Carl Petterson","2025-01-21 12:13","Prospect","Lead","New","",""
"28788620091","Pendel","Carl Petterson","2025-01-20 12:56","Prospect","Lead","New","",""
"28699816281","Invnetsport","Gjermund Moastuen","2025-01-17 15:15","Prospect","Lead","Connected","",""
"28688529963","Agnito AS","Gjermund Moastuen","2025-01-17 12:16","Prospect","Opportunity","Attempted to Contact","Agnito AS;Byrå/Konsulent/in-house - Agnito","34453775219;32780752217"
"28687784229","ASKO","Gjermund Moastuen","2025-01-17 07:12","Prospect","Lead","Connected","",""
"28669774900","Beat Technology AS","Gjermund Moastuen","2025-01-16 18:13","Prospect","Opportunity","Connected","Beat Technology AS","34453775119"
"28660411989","seenthis.no","Carl Petterson","2025-01-16 08:56","Prospect","Lead","Nurturing","",""
"28601209608","Confirma AS","Gjermund Moastuen","2025-01-15 11:16","Prospect","Lead","Attempted to Contact","",""
"28549054082","Trumf","Gjermund Moastuen","2025-01-14 16:21","Prospect","Lead","Attempted to Contact","",""
"28530060573","Minus","Gjermund Moastuen","2025-01-14 16:15","Prospect","Lead","Attempted to Contact","",""
"28549053249","Propr","Gjermund Moastuen","2025-01-14 16:14","Prospect","Lead","Attempted to Contact","",""
"28548506624","BK Grafisk AS","Gjermund Moastuen","2025-01-14 15:47","Prospect","Lead","Attempted to Contact","",""
"28549050486","BK onCode","Gjermund Moastuen","2025-01-14 15:44","Prospect","Lead","Attempted to Contact","",""
"28474151731","Fugro","Gjermund Moastuen","2025-01-13 11:27","Prospect","Lead","Attempted to Contact","",""
"28474151515","Sporveien","Gjermund Moastuen","2025-01-13 11:22","Prospect","Lead","Attempted to Contact","",""
"28356430850","sonoriser.com","Gjermund Moastuen","2025-01-13 10:47","Prospect","Lead","Attempted to Contact","",""
"28386518433","1881.no","Carl Petterson","2025-01-13 09:42","Prospect","Lead","Nurturing","",""
"28386516904","Hemit","Gjermund Moastuen","2025-01-13 08:42","Prospect","Lead","Attempted to Contact","",""
"28386516253","Sport Outlet","Gjermund Moastuen","2025-01-13 08:06","Prospect","Opportunity","Connected","Sportoutlet.no AS","34454412429"
"28356426249","Kystverket - Norwegian Coastal Administration","Gjermund Moastuen","2025-01-13 07:56","Prospect","Lead","Attempted to Contact","",""
"28367197964","KSAT","Gjermund Moastuen","2025-01-13 07:19","Prospect","Lead","Attempted to Contact","",""
"28356425477","Dintero","Gjermund Moastuen","2025-01-13 07:04","Prospect","Lead","Attempted to Contact","",""
"28259753648","Nors","Gjermund Moastuen","2025-01-08 11:04","Prospect","Lead","Attempted to Contact","",""
"28226715220","NorsCare","Gjermund Moastuen","2025-01-08 11:03","Prospect","Lead","Attempted to Contact","",""
"28226715006","Mitigrate","Gjermund Moastuen","2025-01-08 10:58","Prospect","Lead","Attempted to Contact","",""
"28184793439","Aztek","Carl Petterson","2025-01-07 09:03","Prospect","Lead","Nurturing","",""
"28018753623","Stingray Marine Solutions AS","Gjermund Moastuen","2025-01-06 13:35","Prospect","Lead","Attempted to Contact","",""
"30318964362","Pareto Securities","Gjermund Moastuen","2025-01-03 10:20","Prospect","Lead","Connected","",""
"30319006725","Miljødirektoratet/Norwegian Environment Agency","Gjermund Moastuen","2025-01-03 10:09","Prospect","Lead","Attempted to Contact","",""
"30318964370","Optio Incentives","Gjermund Moastuen","2025-01-03 09:50","Prospect","Lead","Attempted to Contact","",""
"30326240086","Kriminalomsorgsdirektoratet","Gjermund Moastuen","2025-01-03 09:42","Prospect","Lead","Attempted to Contact","",""
"31692037973","EY","Gjermund Moastuen","2025-01-03 09:10","Prospect","Lead","Attempted to Contact","",""
"27862286899","netto.eco","Gjermund Moastuen","2025-01-03 09:03","Prospect","Lead","Attempted to Contact","",""
"27920081069","Hallvard Lerøy","Gjermund Moastuen","2025-01-03 08:52","Prospect","Lead","Attempted to Contact","",""
"27962499626","SEEN","Carl Petterson","2025-01-03 08:49","Prospect","Lead","New","",""
"27862257952","MEKLE","Gjermund Moastuen","2025-01-02 16:48","Prospect","Lead","Attempted to Contact","",""
"27918871991","Searas AS","Gjermund Moastuen","2025-01-02 15:00","Prospect","Lead","Attempted to Contact","",""
"27905604683","ice.net","Gjermund Moastuen","2025-01-02 14:19","Prospect","Lead","Connected","",""
"27918870391","Lyse","Gjermund Moastuen","2025-01-02 14:18","Prospect","Lead","Connected","",""
"27918495375","fygi.no","Gjermund Moastuen","2025-01-02 11:15","Prospect","Lead","Attempted to Contact","",""
"27918495278","TieConnect","Gjermund Moastuen","2025-01-02 11:09","Prospect","Lead","Attempted to Contact","",""
"27862244671","Rebil","Gjermund Moastuen","2025-01-02 09:35","Prospect","Lead","Attempted to Contact","",""
"27862244473","vanderapartments.com","Gjermund Moastuen","2025-01-02 09:24","Prospect","Lead","Attempted to Contact","",""
"27896882773","softlogs.net","Gjermund Moastuen","2025-01-02 09:07","Prospect","Lead","Attempted to Contact","",""
"27508856689","Digitaliseringsdirektoratet","Gjermund Moastuen","2024-12-20 08:19","Prospect","Lead","Attempted to Contact","",""
"27527862024","LOBAS® - Lonevåg Beslagfabrikk AS","Gjermund Moastuen","2024-12-20 08:05","Prospect","Sales Qualified Lead","Attempted to Contact","",""
"27508849229","Akuna","Carl Petterson","2024-12-19 23:47","Prospect","Lead","New","",""
"27492848949","Aquatiq","Gjermund Moastuen","2024-12-19 16:57","Prospect","Lead","Attempted to Contact","",""
"27470930443","Metric","Gjermund Moastuen","2024-12-19 16:47","Prospect","Lead","Attempted to Contact","",""
"27470929981","Braver","Gjermund Moastuen","2024-12-19 16:40","Prospect","Sales Qualified Lead","Connected","",""
"27470925582","Publicis Norge","Gjermund Moastuen","2024-12-19 15:29","Prospect","Sales Qualified Lead","Attempted to Contact","",""
"27470922070","Playbook","Gjermund Moastuen","2024-12-19 14:21","Prospect","Lead","Connected","",""
"27413677067","Sensorita","Carl Petterson","2024-12-18 09:19","Prospect","Lead","New","",""
"27413676667","Properly","Carl Petterson","2024-12-18 09:04","Prospect","Lead","New","",""
"27413676585","Norsk Helseportal","Carl Petterson","2024-12-18 09:00","Prospect","Lead","New","",""
"27414636840","RiksTV","Carl Petterson","2024-12-18 08:58","Prospect","Lead","New","",""
"27413676438","HQ Live","Carl Petterson","2024-12-18 08:55","Prospect","Lead","New","",""
"27414636652","Blue Lice","Carl Petterson","2024-12-18 08:52","Prospect","Lead","New","",""
"27252648278","Signatur ITS AS","Gjermund Moastuen","2024-12-17 16:21","Prospect","Opportunity","Connected","Signatur IT","32770418486"
"27252647751","Unum","Gjermund Moastuen","2024-12-17 16:13","Prospect","Lead","Attempted to Contact","",""
"27252641458","Kinver","Carl Petterson","2024-12-17 14:22","Prospect","Lead","Connected","",""
"27250413952","amino.no","Carl Petterson","2024-12-17 14:21","Prospect","Lead","New","",""
"27252641382","Dignio","Carl Petterson","2024-12-17 14:20","Prospect","Lead","New","",""
"27250413919","Morgenbladet","Gjermund Moastuen","2024-12-17 14:20","Prospect","Lead","Attempted to Contact","",""
"27252641133","Channel Factory","Carl Petterson","2024-12-17 14:14","Prospect","Lead","New","",""
"27250412832","bislab.no","Gjermund Moastuen","2024-12-17 13:46","Prospect","Lead","Attempted to Contact","",""
"27252639800","GRIN AS","Gjermund Moastuen","2024-12-17 13:32","Prospect","Lead","Attempted to Contact","",""
"27202554521","iFlow AS","Gjermund Moastuen","2024-12-16 14:33","Prospect","Lead","Attempted to Contact","",""
"27150755588","Sharefox","Gjermund Moastuen","2024-12-16 13:46","Prospect","Lead","Attempted to Contact","",""
"30326240125","Inline X","Gjermund Moastuen","2024-12-16 13:31","Prospect","Lead","Attempted to Contact","",""
"26905155228","TESTNOR","Carl Petterson","2024-12-11 11:12","Prospect","Lead","New","",""
"26872640817","Digital Norway","Carl Petterson","2024-12-11 09:17","Prospect","Lead","New","",""
"26872640625","Videocation.no","Carl Petterson","2024-12-11 09:09","Prospect","Lead","Attempted to Contact","",""
"26888406286","Viaplay","Carl Petterson","2024-12-10 14:34","Prospect","Lead","New","",""
"26888406031","Nettavisen","Gjermund Moastuen","2024-12-10 14:28","Prospect","Opportunity","Attempted to Contact","Nettavisen - Ny Deal","37728946438"
"26888405626","Aneo","Gjermund Moastuen","2024-12-10 14:19","Prospect","Lead","Connected","",""
"26872592689","Bjerk","Carl Petterson","2024-12-10 13:48","Prospect","Lead","Connected","",""
"26828765042","Kreftforeningen","Carl Petterson","2024-12-10 08:38","Prospect","Opportunity","Connected","Kreftforeningen - Data Engineers","30337780297"
"26742906792","Batne","Carl Petterson","2024-12-09 15:04","Prospect","Sales Qualified Lead","Connected","",""
"26705570606","KROHNE Group","Carl Petterson","2024-12-09 15:00","Prospect","Lead","Attempted to Contact","",""
"26705566793","Havguard","Carl Petterson","2024-12-09 13:37","Prospect","Lead","Connected","",""
"26658542769","Mentor+","Gjermund Moastuen","2024-12-06 13:37","Prospect","Lead","Attempted to Contact","",""
"26665690370","CAB Group AB","Gjermund Moastuen","2024-12-06 13:27","Prospect","Lead","Attempted to Contact","",""
"26658542488","Cab Group AB","Gjermund Moastuen","2024-12-06 13:25","Prospect","Lead","Attempted to Contact","",""
"26658542249","Unfold / NoA","Gjermund Moastuen","2024-12-06 13:17","Prospect","Lead","Attempted to Contact","",""
"26659848348","VIS","Carl Petterson","2024-12-06 12:45","Prospect","Lead","Attempted to Contact","",""
"26658541451","Eitri","Carl Petterson","2024-12-06 12:42","Prospect","Lead","Attempted to Contact","",""
"26564514407","Iterate","Carl Petterson","2024-12-04 11:58","Prospect","Lead","Nurturing","",""
"30318964243","Wolve IT","Gjermund Moastuen","2024-12-03 11:08","Prospect","Lead","Attempted to Contact","",""
"26531038753","Youwell","Gjermund Moastuen","2024-12-03 10:08","Prospect","Lead","Attempted to Contact","",""
"26531038506","Algora AS","Gjermund Moastuen","2024-12-03 09:59","Prospect","Opportunity","Attempted to Contact","Algora AS","31649837361"
"26416700779","Konciv","Gjermund Moastuen","2024-11-28 17:41","Prospect","Lead","Attempted to Contact","",""
"26416070913","Vizir AS","Gjermund Moastuen","2024-11-28 17:17","Prospect","Lead","Attempted to Contact","",""
"26416699905","Wolftech Broadcast Solutions AS","Gjermund Moastuen","2024-11-28 17:15","Prospect","Lead","Attempted to Contact","",""
"30318964738","Elmera Group","Gjermund Moastuen","2024-11-28 14:19","Prospect","Lead","Attempted to Contact","",""
"30318964564","KS Digital","Gjermund Moastuen","2024-11-28 08:01","Prospect","Lead","Unqualified","",""
"30318964055","BOS Power","Gjermund Moastuen","2024-11-27 18:13","Prospect","Lead","Attempted to Contact","",""
"26369666322","Zrch","Gjermund Moastuen","2024-11-27 18:05","Prospect","Lead","Attempted to Contact","",""
"26358541477","Bergen Engines","Gjermund Moastuen","2024-11-27 17:48","Prospect","Lead","Attempted to Contact","",""
"26354750027","KCA Deutag","Gjermund Moastuen","2024-11-27 16:41","Prospect","Lead","Attempted to Contact","",""
"26354745600","Properate","Gjermund Moastuen","2024-11-27 15:34","Prospect","Lead","Attempted to Contact","",""
"30318964328","Swipload","Gjermund Moastuen","2024-11-27 15:23","Prospect","Lead","Attempted to Contact","",""
"26330731175","Vest Systempartner","Gjermund Moastuen","2024-11-26 19:52","Prospect","Lead","Attempted to Contact","",""
"26326877776","Green Norway","Gjermund Moastuen","2024-11-26 19:37","Prospect","Lead","Attempted to Contact","",""
"26330729590","Fortytwo.io","Gjermund Moastuen","2024-11-26 19:26","Prospect","Lead","Attempted to Contact","",""
"26326876829","Roboxi","Gjermund Moastuen","2024-11-26 19:21","Prospect","Sales Qualified Lead","Connected","",""
"26330727785","Findmy AS","Gjermund Moastuen","2024-11-26 18:56","Prospect","Lead","Attempted to Contact","",""
"26326874966","Lefdal Mine Datacenter","Gjermund Moastuen","2024-11-26 18:49","Prospect","Lead","Attempted to Contact","",""
"26289461292","Imara","Carl Petterson","2024-11-25 15:16","Prospect","Opportunity","Connected","Imara - New Deal","29768021859"
"26286419816","CVLink","Carl Petterson","2024-11-25 12:42","Prospect","Lead","New","",""
"26169287352","Encryptia","Gjermund Moastuen","2024-11-21 15:12","Prospect","Lead","Attempted to Contact","",""
"26152844693","Hawk Infinity","Carl Petterson","2024-11-21 09:53","Prospect","Lead","New","",""
"26152844670","Digiflow AS","Carl Petterson","2024-11-21 09:52","Prospect","Lead","Connected","",""
"26152809808","Save Solutions","Gjermund Moastuen","2024-11-21 09:43","Prospect","Lead","Attempted to Contact","",""
"26136297620","North Sea Container Line","Gjermund Moastuen","2024-11-20 19:19","Prospect","Lead","Attempted to Contact","",""
"30326239822","Unacast","Gjermund Moastuen","2024-11-20 15:09","Prospect","Lead","Connected","",""
"26136261175","Uno-X Ranenget","Gjermund Moastuen","2024-11-20 09:21","Prospect","Lead","Attempted to Contact","",""
"26136599144","Energima","Gjermund Moastuen","2024-11-20 08:19","Prospect","Lead","Attempted to Contact","",""
"26136598192","Head Energy","Gjermund Moastuen","2024-11-20 07:34","Prospect","Lead","Attempted to Contact","",""
"26114365233","juhlergroup.no","Gjermund Moastuen","2024-11-19 11:37","Prospect","Lead","Attempted to Contact","",""
"26113465509","QR Pay","Gjermund Moastuen","2024-11-19 11:27","Prospect","Opportunity","Connected","QR Pay - Ny avtale","34560592143"
"26113462308","Compile","Gjermund Moastuen","2024-11-19 10:04","Prospect","Lead","Attempted to Contact","",""
"26110804525","Wenn Property","Gjermund Moastuen","2024-11-19 07:33","Prospect","Lead","Attempted to Contact","",""
"25883217017","prokarimi.no","Gjermund Moastuen","2024-11-17 13:21","Prospect","Lead","Connected","",""
"25866409516","codeXpros","Gjermund Moastuen","2024-11-15 09:42","Prospect","Lead","Attempted to Contact","",""
"25872228710","Customer Experience User Group","Gjermund Moastuen","2024-11-15 09:32","Prospect","Lead","Attempted to Contact","",""
"25509833812","Politiet","Gjermund Moastuen","2024-11-05 13:11","Prospect","Lead","Attempted to Contact","",""
"25388130573","Spenn","Carl Petterson","2024-11-04 10:16","Prospect","Lead","Attempted to Contact","",""
"25338026779","hnn.no","Gjermund Moastuen","2024-11-01 11:49","Prospect","Lead","Unqualified","",""
"25338621957","Direct House AS","Gjermund Moastuen","2024-11-01 11:18","Prospect","Lead","Attempted to Contact","",""
"30318964520","Lumera","Gjermund Moastuen","2024-10-30 18:21","Prospect","Lead","Attempted to Contact","",""
"25288083289","Fell Technology AS","Carl Petterson","2024-10-30 14:37","Prospect","Lead","Attempted to Contact","",""
"25246319926","Kernel AS","Carl Petterson","2024-10-30 14:22","Prospect","Lead","Attempted to Contact","",""
"30326240021","Mercuri Urval","Gjermund Moastuen","2024-10-29 08:22","Prospect","Lead","Attempted to Contact","",""
"30326239565","Akkodis Group","Gjermund Moastuen","2024-10-25 14:59","Prospect","Lead","Attempted to Contact","",""
"25127621130","Cloudberries AS","Gjermund Moastuen","2024-10-25 09:49","Prospect","Lead","Attempted to Contact","",""
"30318964048","Back IT Up","Gjermund Moastuen","2024-10-25 09:21","Prospect","Disqualified ","Nurturing","BackITup","28353923725"
"25059412564","Iver","Carl Petterson","2024-10-23 14:40","Prospect","Lead","Nurturing","",""
"25017549463","Amby","Carl Petterson","2024-10-23 14:37","Prospect","Lead","New","",""
"30318964319","TUISverige","Gjermund Moastuen","2024-10-20 11:10","Prospect","Lead","Connected","",""
"23963976625","Aqua Knowledge","Gjermund Moastuen","2024-10-19 16:41","Prospect","Lead","Attempted to Contact","",""
"23947999588","prisme.no","Gjermund Moastuen","2024-10-19 16:32","Prospect","Lead","Attempted to Contact","",""
"30318964665","Enghouse Transportation","Gjermund Moastuen","2024-10-19 16:30","Prospect","Lead","Attempted to Contact","",""
"23963963442","CAPIA","Gjermund Moastuen","2024-10-19 16:22","Prospect","Lead","Attempted to Contact","",""
"23963924605","Technogarden","Gjermund Moastuen","2024-10-19 16:21","Prospect","Lead","Connected","",""
"23963924241","Strise","Gjermund Moastuen","2024-10-19 16:06","Prospect","Opportunity","Connected","Strise","28584245664"
"23963933568","Bell Hansen AS","Gjermund Moastuen","2024-10-19 15:56","Prospect","Lead","Attempted to Contact","",""
"23963223711","statsnett.no","Gjermund Moastuen","2024-10-19 10:40","Prospect","Lead","Attempted to Contact","",""
"23963217309","dirtyleeds.no","Gjermund Moastuen","2024-10-19 10:32","Prospect","Lead","Attempted to Contact","",""
"23903954236","Headvisor AS","Gjermund Moastuen","2024-10-17 15:00","Prospect","Lead","Attempted to Contact","",""
"23904924845","Habberstad Gruppen AS","Gjermund Moastuen","2024-10-17 14:36","Prospect","Lead","Attempted to Contact","",""
"23830840136","Next One Technology Norway","Carl Petterson","2024-10-15 09:31","Prospect","Lead","Attempted to Contact","",""
"23830839847","metaomsorg.com","Carl Petterson","2024-10-15 09:22","Prospect","Lead","New","",""
"23587063650","Lisa Solutions AS","Gjermund Moastuen","2024-10-07 09:45","Prospect","Lead","Nurturing","LISA Solutions","22992694368"
"23544926136","Klein Group AS","Carl Petterson","2024-10-04 11:48","Prospect","Lead","Connected","",""
"23557388374","Prosper","Carl Petterson","2024-10-04 10:45","Prospect","Opportunity","Connected","Prosper AI - Medium/High","23362774873"
"23554984256","Noova Energi System AS","Gjermund Moastuen","2024-10-04 07:23","Prospect","Opportunity","Connected","Noova AS","29784351369"
"23430158228","Disruptive Technologies","Carl Petterson","2024-09-30 14:05","Prospect","Lead","Attempted to Contact","",""
"23340037144","Amesto Accounthouse","Carl Petterson","2024-09-27 13:24","Prospect","Lead","Connected","",""
"34637922833","Fjord Tours","Carl Petterson","2024-09-25 13:41","Prospect","Lead","Attempted to Contact","",""
"23260850017","Fjord Travel Norway","Carl Petterson","2024-09-25 13:31","Prospect","Lead","Connected","",""
"30318964371","NXT Oslo Reklamebyrå","Gjermund Moastuen","2024-09-18 13:40","Prospect","Disqualified ","Nurturing","NXT Oslo Reklamebyrå - Ny avtale;NXT AS","34353066279;29772670727"
"23096375396","Rentelligent","Carl Petterson","2024-09-18 09:11","Prospect","Lead","Nurturing","",""
"22918203139","Geelmuyden Kiese","Carl Petterson","2024-09-11 14:06","Prospect","Lead","Nurturing","",""
"22757526087","Six Robotics","Carl Petterson","2024-09-05 09:03","Prospect","Lead","Attempted to Contact","",""
"31358515495","Innocode AS","Gjermund Moastuen","2024-09-04 11:00","Prospect","Lead","Connected","Innocode","22956975767"
"22737471010","indra.no","Gjermund Moastuen","2024-09-03 17:52","Prospect","Sales Qualified Lead","Attempted to Contact","",""
"22737472810","Indra Navia AS","Gjermund Moastuen","2024-09-03 17:50","Prospect","Lead","Attempted to Contact","",""
"22735226233","Ween","Gjermund Moastuen","2024-09-03 12:49","Prospect","Lead","New","",""
"30326239790","Wenn ASA","Gjermund Moastuen","2024-09-03 12:46","Prospect","Lead","Attempted to Contact","",""
"22648354068","Hance","Gjermund Moastuen","2024-08-28 08:23","Prospect","Lead","Attempted to Contact","",""
"30769051199","Urmain","Gjermund Moastuen","2024-08-27 08:10","Prospect","Lead","Attempted to Contact","",""
"22630591519","Intellectual Labs","Gjermund Moastuen","2024-08-27 07:43","Prospect","Lead","Attempted to Contact","",""
"22613405603","Newcode.ai","Gjermund Moastuen","2024-08-26 14:57","Prospect","Lead","Attempted to Contact","",""
"22611628943","On property","Gjermund Moastuen","2024-08-26 12:47","Prospect","Lead","Attempted to Contact","",""
"22611205508","Simien AS","Gjermund Moastuen","2024-08-26 11:43","Prospect","Lead","Attempted to Contact","",""
"22611205399","Kiip.App AS","Gjermund Moastuen","2024-08-26 11:38","Prospect","Lead","Attempted to Contact","",""
"22519192660","Voglio","Gjermund Moastuen","2024-08-21 09:40","Prospect","Opportunity","Connected","Voglio","23362798131"
"30318964759","Byggfakta Group","Gjermund Moastuen","2024-08-19 14:17","Prospect","Lead","Connected","Byggfakta Group AB","28351078441"
"22483317903","Ledidi","Gjermund Moastuen","2024-08-19 10:20","Prospect","Lead","Connected","Ledidi","28353062793"
"22455275948","Telenor Maritim","Gjermund Moastuen","2024-08-17 10:26","Prospect","Opportunity","Connected","Telenor Hub","34453775254"
"22438518580","Lexto AS","Gjermund Moastuen","2024-08-16 09:19","Prospect","Lead","Attempted to Contact","",""
"22437297486","Skytale AS","Gjermund Moastuen","2024-08-16 08:07","Prospect","Lead","Attempted to Contact","",""
"22437228813","Ducky AS","Gjermund Moastuen","2024-08-16 07:53","Prospect","Lead","Attempted to Contact","",""
"22437228292","Tavler","Gjermund Moastuen","2024-08-16 07:25","Prospect","Lead","Nurturing","",""
"22436564582","Cambi","Gjermund Moastuen","2024-08-16 06:45","Prospect","Sales Qualified Lead","Attempted to Contact","",""
"22301043316","FRG Technology Consulting","Gjermund Moastuen","2024-08-08 12:45","Prospect","Lead","Attempted to Contact","",""
"22299497818","Norad","Gjermund Moastuen","2024-08-08 11:03","Prospect","Lead","Unqualified","",""
"22283408220","Siemens","Gjermund Moastuen","2024-08-07 13:53","Prospect","Lead","Connected","",""
"22283248015","Kvikna AS","Gjermund Moastuen","2024-08-07 13:30","Prospect","Lead","Connected","",""
"22282665390","Ren Røros Intelligent Automation as","Gjermund Moastuen","2024-08-07 13:11","Prospect","Lead","Connected","",""
"22281463336","Storeshop.no","Gjermund Moastuen","2024-08-07 11:09","Prospect","Opportunity","Connected","Storeshop","28353465437"
"22264841344","Elbits AS","Gjermund Moastuen","2024-08-06 17:14","Prospect","Lead","Attempted to Contact","",""
"22264882075","Kredd","Gjermund Moastuen","2024-08-06 17:10","Prospect","Lead","Attempted to Contact","",""
"22264840815","ZimplePay","Gjermund Moastuen","2024-08-06 17:08","Prospect","Lead","Attempted to Contact","",""
"22264124083","Spleis (en del av Sparebank 1 gruppen)","Gjermund Moastuen","2024-08-06 15:49","Prospect","Lead","Nurturing","",""
"22263865365","Norkred","Gjermund Moastuen","2024-08-06 15:30","Prospect","Lead","Attempted to Contact","",""
"22262218841","Labrador CMS","Gjermund Moastuen","2024-08-06 15:25","Prospect","Lead","Attempted to Contact","",""
"22263692608","Elhub","Gjermund Moastuen","2024-08-06 15:14","Prospect","Lead","Attempted to Contact","",""
"30318964638","Fartsskriver","Gjermund Moastuen","2024-08-06 12:13","Prospect","Sales Qualified Lead","Connected","",""
"22259040178","Mørenot Group","Gjermund Moastuen","2024-08-06 12:03","Prospect","Lead","Connected","",""
"22259713090","Mørenot Aquaculture","Gjermund Moastuen","2024-08-06 12:00","Prospect","Lead","Connected","",""
"22259712810","Nonspace","Gjermund Moastuen","2024-08-06 11:52","Prospect","Sales Qualified Lead","Attempted to Contact","",""
"22259712433","Catalyst Solutions'","Gjermund Moastuen","2024-08-06 11:43","Prospect","Lead","Attempted to Contact","",""
"22259405589","Curipod","Gjermund Moastuen","2024-08-06 11:01","Prospect","Lead","Attempted to Contact","",""
"22259425923","Ability","Gjermund Moastuen","2024-08-06 10:53","Prospect","Sales Qualified Lead","Attempted to Contact","",""
"22258325368","hyds.no","Gjermund Moastuen","2024-08-06 10:42","Prospect","Sales Qualified Lead","Attempted to Contact","",""
"22259223606","Hydrogen Solutions AS","Gjermund Moastuen","2024-08-06 10:35","Prospect","Lead","Attempted to Contact","",""
"21283424140","PingMe by Osac","Carl Petterson","2024-06-06 08:27","Prospect","Lead","Attempted to Contact","",""
"21283056400","Amaleon AS","Carl Petterson","2024-06-06 08:03","Prospect","Lead","New","",""
"30318964555","Liberty Now AS","Gjermund Moastuen","2024-06-06 06:52","Prospect","Opportunity","Connected","Liberty Now","22933410902"
"19421796189","Eviny","Carl Petterson","2024-03-08 03:31","Prospect","Lead","Attempted to Contact","",""
"18820859293","Vitalthings","Carl Petterson","2024-01-24 02:16","Prospect","Lead","Attempted to Contact","",""
"18259713578","Quarks","Carl Petterson","2023-11-29 07:43","Prospect","Lead","Connected","",""
"18075114626","Amp11","Carl Petterson","2023-11-14 14:40","Prospect","Lead","Nurturing","",""
"17816024590","Sunday Power","Gjermund Moastuen","2023-10-26 13:18","Prospect","Lead","Attempted to Contact","",""
"17799681702","Digicare AS","Carl Petterson","2023-10-25 15:04","Prospect","Lead","Restart","",""
"17797734915","Fuse","Gjermund Moastuen","2023-10-25 14:09","Prospect","Lead","Connected","",""
"17728152078","VITEC HK DATA AS","Gjermund Moastuen","2023-10-19 09:32","Prospect","Lead","Restart","",""
"17728069711","UNI MICRO WEB AS","Gjermund Moastuen","2023-10-19 09:32","Prospect","Lead","New","",""
"17727994439","TRETOEN AS","Gjermund Moastuen","2023-10-19 09:32","Prospect","Lead","Attempted to Contact","",""
"17728125860","TEAMMATE AS","Carl Petterson","2023-10-19 09:32","Prospect","Disqualified ","Unqualified","",""
"17728160632","RUBBERDUCK DEV AS","Carl Petterson","2023-10-19 09:32","Prospect","Lead","New","",""
"17728136885","RED HAT NORWAY BRANCH","Gjermund Moastuen","2023-10-19 09:32","Prospect","Disqualified ","Unqualified","RedHat","28353261121"
"17728096945","QUICK SYSTEMS AS","Gjermund Moastuen","2023-10-19 09:32","Prospect","Lead","Restart","",""
"17727576892","PODIMO NORWAY AS","Carl Petterson","2023-10-19 09:32","Prospect","Lead","New","",""
"17728152077","NO ISOLATION AS","Carl Petterson","2023-10-19 09:32","Prospect","Lead","New","",""
"17728043419","NETLIFE AS","Carl Petterson","2023-10-19 09:32","Prospect","Lead","New","",""
"17728103328","LAFT SOFTWARE AS","Gjermund Moastuen","2023-10-19 09:32","Prospect","Lead","Restart","",""
"17727576893","KEYSOFT AS","Carl Petterson","2023-10-19 09:32","Prospect","Lead","Restart","",""
"17728074872","IT.NO AS","Carl Petterson","2023-10-19 09:32","Prospect","Lead","Restart","",""
"17728001449","IIZY AS","Gjermund Moastuen","2023-10-19 09:32","Prospect","Lead","Attempted to Contact","",""
"17728050509","HORDE AS","Gjermund Moastuen","2023-10-19 09:32","Prospect","Lead","Attempted to Contact","",""
"17728106319","ENVO AS","Gjermund Moastuen","2023-10-19 09:32","Prospect","Lead","Connected","",""
"17728048275","Flowcase AS","Gjermund Moastuen","2023-10-19 09:32","Prospect","Lead","Attempted to Contact","",""
"17728198156","CILLCO TECHNOLOGY AS","Carl Petterson","2023-10-19 09:32","Prospect","Lead","Restart","",""
"17728158262","CHECKIN AS","Carl Petterson","2023-10-19 09:32","Prospect","Lead","Attempted to Contact","",""
"17728158261","BUSTBYTE AS","Carl Petterson","2023-10-19 09:32","Prospect","Lead","Attempted to Contact","",""
"17728121767","BTWN AS","Carl Petterson","2023-10-19 09:32","Prospect","Lead","Restart","",""
"17728191572","BRAVONET AS","Carl Petterson","2023-10-19 09:32","Prospect","Lead","Attempted to Contact","",""
"17728185242","BLUE CTRL AS","Carl Petterson","2023-10-19 09:32","Prospect","Lead","Attempted to Contact","",""
"17728015206","BJØNNES SOFTWARE AS","Carl Petterson","2023-10-19 09:32","Prospect","Disqualified ","Unqualified","",""
"17728177715","BANKID BANKAXEPT AS","Gjermund Moastuen","2023-10-19 09:32","Prospect","Lead","Restart","",""
"17728136884","BAYMARKETS AS","Carl Petterson","2023-10-19 09:32","Prospect","Lead","Nurturing","",""
"17728050511","AUZILIUM INVEST AS","Carl Petterson","2023-10-19 09:32","Prospect","Lead","Nurturing","",""
"17727994437","AXAZ AS","Carl Petterson","2023-10-19 09:32","Prospect","Lead","Connected","",""
"17728087419","ASCENIUM AS","Carl Petterson","2023-10-19 09:32","Prospect","Lead","New","",""
"17728125859","APPHUSET AS","Carl Petterson","2023-10-19 09:32","Prospect","Lead","Restart","",""
"17728149365","ANTENOR-OTG AS","Carl Petterson","2023-10-19 09:32","Prospect","Lead","Attempted to Contact","",""
"17728195633","ABEL TECHNOLOGIES AS","Carl Petterson","2023-10-19 09:32","Prospect","Lead","Connected","",""
"17728065067","ADMMIT AS","Carl Petterson","2023-10-19 09:32","Prospect","Lead","Connected","",""
"17528194226","Unleash-hosted","Carl Petterson","2023-09-30 13:35","Prospect","Lead","Connected","",""
"17528194224","Unloc","Gjermund Moastuen","2023-09-30 13:34","Prospect","Lead","Connected","Unloc","28353277740"
"17524753054","Whereby","Carl Petterson","2023-09-30 13:27","Prospect","Lead","New","",""
"34524424578","Enode","Carl Petterson","2023-09-30 13:25","Prospect","Lead","Attempted to Contact","",""
"30318964257","WattEV AS","Gjermund Moastuen","2023-09-30 13:22","Prospect","Sales Qualified Lead","Unqualified","",""
"17505706884","TRY","Carl Petterson","2023-09-28 13:39","Prospect","Sales Qualified Lead","Connected","",""
"17377729331","NextGenTel","Gjermund Moastuen","2023-09-19 13:35","Prospect","Lead","Restart","",""
"17377729303","Ecg247 / Appsens AS","Carl Petterson","2023-09-19 13:34","Prospect","Lead","Restart","",""
"17377728675","ABB","Gjermund Moastuen","2023-09-19 13:21","Prospect","Lead","New","",""
"17378528838","Hafslund","Gjermund Moastuen","2023-09-19 13:16","Prospect","Lead","Restart","",""
"17332681013","Fri Flyt","Carl Petterson","2023-09-15 12:21","Prospect","Disqualified ","Unqualified","",""
"17331703173","Vipps","Carl Petterson","2023-09-15 09:54","Prospect","Lead","Attempted to Contact","",""
"17309806642","WÄRTSILÄ NORWAY AS","Gjermund Moastuen","2023-09-13 09:52","Prospect","Lead","Unqualified","",""
"17309792529","SINCOS SOFTWARE AS","Gjermund Moastuen","2023-09-13 09:52","Prospect","Opportunity","Connected","24 Nettbutikk","34454412584"
"17308919950","PERI NORGE AS","Gjermund Moastuen","2023-09-13 09:52","Prospect","Lead","Restart","",""
"17308813411","ELEMENT LOGIC AS","Gjermund Moastuen","2023-09-13 09:52","Prospect","Lead","Attempted to Contact","",""
"17309881898","DRESSER-RAND AS","Gjermund Moastuen","2023-09-13 09:52","Prospect","Lead","Attempted to Contact","",""
"17281735953","Locus","Carl Petterson","2023-09-11 09:22","Prospect","Lead","Nurturing","",""
"17248392020","Avonova","Gjermund Moastuen","2023-09-07 14:48","Prospect","Lead","Unqualified","",""
"17045461886","DATA RESPONS ASA","Carl Petterson","2023-08-21 11:41","Prospect","Lead","Attempted to Contact","",""
"16945991979","WTW AS","Carl Petterson","2023-08-14 15:07","Prospect","Lead","Restart","",""
"16945280942","WEBSTEP AS","Gjermund Moastuen","2023-08-14 15:07","Prospect","Lead","New","",""
"16945989240","VITEC PLANIA AS","Gjermund Moastuen","2023-08-14 15:07","Prospect","Lead","Restart","",""
"16945251663","VITEC WIMS AS","Gjermund Moastuen","2023-08-14 15:07","Prospect","Lead","Restart","",""
"16944711584","VISITO AS","Carl Petterson","2023-08-14 15:07","Prospect","Lead","Restart","",""
"30318964289","VARIANT TRONDHEIM AS","Gjermund Moastuen","2023-08-14 15:07","Prospect","Opportunity","New","VARIANT TRONDHEIM AS - Ny avtale","34631493772"
"16946006428","TWODAY AVENTO AS","Gjermund Moastuen","2023-08-14 15:07","Prospect","Lead","Restart","",""
"16945994499","TRY DIG AS","Carl Petterson","2023-08-14 15:07","Prospect","Sales Qualified Lead","Nurturing","",""
"30326238735","Thales Norway","Gjermund Moastuen","2023-08-14 15:07","Prospect","Sales Qualified Lead","Attempted to Contact","",""
"16945980988","SPOND AS","Gjermund Moastuen","2023-08-14 15:07","Prospect","Lead","Restart","",""
"16945261370","STYRMAND AS","Carl Petterson","2023-08-14 15:07","Prospect","Lead","Connected","",""
"34674926372","SOLWR SOFTWARE AS","Gjermund Moastuen","2023-08-14 15:07","Prospect","Lead","Attempted to Contact","",""
"16945251662","SONITOR TECHNOLOGIES AS","Gjermund Moastuen","2023-08-14 15:07","Prospect","Lead","Restart","",""
"16945251665","SMARTDOK AS","Carl Petterson","2023-08-14 15:07","Prospect","Lead","Restart","",""
"16945197085","SECTOR ALARM IT AS","Carl Petterson","2023-08-14 15:07","Prospect","Lead","New","",""
"16944742540","SENSIO AS","Carl Petterson","2023-08-14 15:07","Prospect","Sales Qualified Lead","Connected","",""
"16945244301","SANITY AS","Gjermund Moastuen","2023-08-14 15:07","Prospect","Lead","Restart","",""
"16945268086","RIGHT AS","Gjermund Moastuen","2023-08-14 15:07","Prospect","Lead","Restart","",""
"16945983791","REDPILL LINPRO DEVELOPMENT SERVICES AS","Gjermund Moastuen","2023-08-14 15:07","Prospect","Lead","Restart","",""
"16945991982","PRIDOK AS","Carl Petterson","2023-08-14 15:07","Prospect","Lead","Restart","",""
"16944782849","PREVAS AS","Gjermund Moastuen","2023-08-14 15:07","Prospect","Lead","Connected","Prevas AS","28352450985"
"16944702005","PIXOTOPE TECHNOLOGIES AS","Gjermund Moastuen","2023-08-14 15:07","Prospect","Lead","Attempted to Contact","",""
"30326239895","Papirfly","Gjermund Moastuen","2023-08-14 15:07","Prospect","Lead","Attempted to Contact","",""
"32429288271","NORBIT ASA","Gjermund Moastuen","2023-08-14 15:07","Prospect","Sales Qualified Lead","Restart","",""
"16945261376","NOA IGNITE AS","Carl Petterson","2023-08-14 15:07","Prospect","Lead","Restart","",""
"16944766493","NORGESGRUPPEN DATA AS","Gjermund Moastuen","2023-08-14 15:07","Prospect","Lead","Attempted to Contact","",""
"16945269774","NETSECURITY AS","Carl Petterson","2023-08-14 15:07","Prospect","Sales Qualified Lead","Restart","",""
"16946009346","NETNORDIC NORWAY AS","Gjermund Moastuen","2023-08-14 15:07","Prospect","Lead","Restart","",""
"16945971328","NETLIFE DESIGN AS","Carl Petterson","2023-08-14 15:07","Prospect","Lead","Connected","",""
"16945261378","NETLIGHT AS","Gjermund Moastuen","2023-08-14 15:07","Prospect","Lead","Restart","",""
"16944711582","NETPOWER WEB SOLUTIONS AS","Gjermund Moastuen","2023-08-14 15:07","Prospect","Lead","Attempted to Contact","",""
"30318964380","MØLLER DIGITAL AS","Gjermund Moastuen","2023-08-14 15:07","Prospect","Lead","Attempted to Contact","",""
"16944800285","NAGARRO AS","Carl Petterson","2023-08-14 15:07","Prospect","Disqualified ","Unqualified","",""
"16945998909","METZUM AS","Carl Petterson","2023-08-14 15:07","Prospect","Lead","New","",""
"16945985548","KRAFTLAUGET AS","Gjermund Moastuen","2023-08-14 15:07","Prospect","Lead","Connected","",""
"17728198155","KNOWIT IMPACT AS","Gjermund Moastuen","2023-08-14 15:07","Prospect","Lead","Connected","",""
"34522570524","Klaveness Digital","Carl Petterson","2023-08-14 15:07","Prospect","Lead","Connected","",""
"16945264265","KAHOOT! ASA","Gjermund Moastuen","2023-08-14 15:07","Prospect","Lead","Attempted to Contact","",""
"30318964583","Journey Group","Gjermund Moastuen","2023-08-14 15:07","Prospect","Lead","Attempted to Contact","",""
"16944692585","ITUMX AS","Gjermund Moastuen","2023-08-14 15:07","Prospect","Lead","Connected","",""
"30318964594","Insperit 365 AS","Gjermund Moastuen","2023-08-14 15:07","Prospect","Opportunity","Connected","Inspirit 365","28353061705"
"16945264260","INNOVIT AS","Carl Petterson","2023-08-14 15:07","Prospect","Disqualified ","Unqualified","",""
"16945256451","INMETA CONSULTING AS","Gjermund Moastuen","2023-08-14 15:07","Prospect","Lead","Restart","",""
"16945971326","INFOR (NORGE) AS","Gjermund Moastuen","2023-08-14 15:07","Prospect","Lead","Restart","",""
"30326240137","HIGHSOFT AS","Gjermund Moastuen","2023-08-14 15:07","Prospect","Lead","Attempted to Contact","",""
"16945280944","HJELSETH COMPUTERS AS","Carl Petterson","2023-08-14 15:07","Prospect","Lead","New","",""
"16944701999","HEADIT AS","Carl Petterson","2023-08-14 15:07","Prospect","Lead","Restart","",""
"16945241407","GRITERA AS","Gjermund Moastuen","2023-08-14 15:07","Prospect","Lead","Connected","",""
"30326240156","GK GRUPPEN AS","Gjermund Moastuen","2023-08-14 15:07","Prospect","Lead","Connected","",""
"16945959330","Forte Digital","Carl Petterson","2023-08-14 15:07","Prospect","Lead","Connected","",""
"16945286664","FOTMOB AS","Gjermund Moastuen","2023-08-14 15:07","Prospect","Lead","Connected","",""
"30318964634","FINK AS","Gjermund Moastuen","2023-08-14 15:07","Prospect","Lead","Unqualified","",""
"16945268079","FIRI AS","Carl Petterson","2023-08-14 15:07","Prospect","Lead","Attempted to Contact","",""
"16945971324","EVELON AS","Carl Petterson","2023-08-14 15:07","Prospect","Lead","Restart","",""
"16945268078","EMBRIQ AS","Carl Petterson","2023-08-14 15:07","Prospect","Lead","Attempted to Contact","",""
"16945193546","EMISOFT AS","Carl Petterson","2023-08-14 15:07","Prospect","Lead","Attempted to Contact","",""
"16945973772","EG NORGE AS","Gjermund Moastuen","2023-08-14 15:07","Prospect","Lead","Attempted to Contact","",""
"16946009345","DXC TECHNOLOGY NORGE AS","Gjermund Moastuen","2023-08-14 15:07","Prospect","Lead","Restart","",""
"16944782848","DATA RESPONS R&D SERVICES AS","Carl Petterson","2023-08-14 15:07","Prospect","Lead","Restart","",""
"16946001526","CONTROLPARTNER AS","Carl Petterson","2023-08-14 15:07","Prospect","Lead","Restart","",""
"16945274437","COLUMBUS NORWAY AS","Gjermund Moastuen","2023-08-14 15:07","Prospect","Lead","Attempted to Contact","",""
"16945226925","COGNITE AS","Carl Petterson","2023-08-14 15:07","Prospect","Lead","Restart","",""
"16944742538","COGNIZANT TECHNOLOGY SOLUTIONS NORWAY AS","Gjermund Moastuen","2023-08-14 15:07","Prospect","Lead","Restart","",""
"16945264262","CLOUD CONNECTION AS","Carl Petterson","2023-08-14 15:07","Prospect","Lead","Restart","",""
"16944702001","CISCO SYSTEMS NORWAY AS","Carl Petterson","2023-08-14 15:07","Prospect","Lead","New","",""
"16945244296","BOLIGMAPPA AS","Gjermund Moastuen","2023-08-14 15:07","Prospect","Lead","Attempted to Contact","",""
"34628786076","BLIKSUND AS","Gjermund Moastuen","2023-08-14 15:07","Prospect","Lead","Attempted to Contact","",""
"16945280939","BOITANO AS","Gjermund Moastuen","2023-08-14 15:07","Prospect","Lead","Connected","",""
"16945201065","BLANK AS","Gjermund Moastuen","2023-08-14 15:07","Prospect","Lead","Restart","",""
"16946006421","BITPRO AS","Gjermund Moastuen","2023-08-14 15:07","Prospect","Lead","Attempted to Contact","",""
"16946006419","AVELLA AS","Carl Petterson","2023-08-14 15:07","Prospect","Lead","Connected","",""
"30318964040","Arribatec Norge","Gjermund Moastuen","2023-08-14 15:07","Prospect","Lead","Attempted to Contact","",""
"16945978648","AMESTO TECHHOUSE AS","Carl Petterson","2023-08-14 15:07","Prospect","Lead","Connected","",""
"34660176725","AIZE AS","Gjermund Moastuen","2023-08-14 15:07","Prospect","Lead","Attempted to Contact","",""
"17308818033","ADVANIA NORGE AS","Carl Petterson","2023-08-14 15:07","Prospect","Lead","Restart","",""
"16945973770","AGENS AS","Carl Petterson","2023-08-14 15:07","Prospect","Lead","Restart","",""
"16945141350","XLEDGER AS","Gjermund Moastuen","2023-08-14 14:47","Prospect","Lead","Restart","",""
"16945263112","VITEC FIXIT SYSTEMER AS","Gjermund Moastuen","2023-08-14 14:47","Prospect","Lead","Restart","",""
"16945185437","VITEC AGRANDO AS","Gjermund Moastuen","2023-08-14 14:47","Prospect","Lead","Restart","",""
"16945212949","TRIPLETEX AS","Gjermund Moastuen","2023-08-14 14:47","Prospect","Sales Qualified Lead","Attempted to Contact","",""
"16944691286","TRIBIA AS","Gjermund Moastuen","2023-08-14 14:47","Prospect","Lead","Attempted to Contact","",""
"16944688000","STIBO DX AS","Gjermund Moastuen","2023-08-14 14:47","Prospect","Lead","New","",""
"16944713911","PROPLAN AS","Gjermund Moastuen","2023-08-14 14:47","Prospect","Lead","Restart","",""
"16944682396","NORKART AS","Gjermund Moastuen","2023-08-14 14:47","Prospect","Lead","Attempted to Contact","",""
"16945287023","MICROSOFT NORGE AS","Gjermund Moastuen","2023-08-14 14:47","Prospect","Lead","Connected","",""
"30326240075","LINK MOBILITY GROUP AS","Gjermund Moastuen","2023-08-14 14:47","Prospect","Opportunity","Connected","Link Mobility AS","28353276480"
"16945236111","LAUD MEDIA AS","Gjermund Moastuen","2023-08-14 14:47","Prospect","Lead","Restart","",""
"16945231770","MAESTRO SOFT AS","Gjermund Moastuen","2023-08-14 14:47","Prospect","Lead","Attempted to Contact","",""
"31043465060","Giant Leap Technologies","Gjermund Moastuen","2023-08-14 14:47","Prospect","Lead","Attempted to Contact","",""
"30326240160","Genus AS","Gjermund Moastuen","2023-08-14 14:47","Prospect","Lead","Attempted to Contact","",""
"16945279755","DOSSIER SOLUTIONS AS","Carl Petterson","2023-08-14 14:47","Prospect","Lead","Restart","",""
"16945207988","DATAKVALITET AS","Gjermund Moastuen","2023-08-14 14:47","Prospect","Lead","Attempted to Contact","",""
"16945177466","DAVIDHORN AS","Gjermund Moastuen","2023-08-14 14:47","Prospect","Lead","Attempted to Contact","",""
"16945210426","DATA NOVA AS","Gjermund Moastuen","2023-08-14 14:47","Prospect","Lead","Restart","",""
"30318972993","Compello","Carl Petterson","2023-08-14 14:47","Prospect","Lead","Connected","",""
"16944665440","ABAX AS","Carl Petterson","2023-08-14 14:47","Prospect","Lead","New","",""
"30326239886","Redpill Linpro AS","Gjermund Moastuen","2023-03-24 13:52","Prospect","Lead","Attempted to Contact","",""
"15267151656","STAR INFORMATION SYSTEMS AS","Carl Petterson","2023-03-23 08:43","Prospect","Lead","Connected","",""
"10904054618","Mentor Medier AS","Gjermund Moastuen","2023-01-23 02:36","Prospect","Lead","Attempted to Contact","",""
"16945255212","VISBOOK AS","Carl Petterson","2022-12-15 15:32","Prospect","Lead","Restart","",""
"10352377376","Braathe","Carl Petterson","2022-12-14 15:46","Prospect","Lead","Nurturing","Braathe Gruppen AS - New Deal","12249628743"
"10326410888","Seaonics AS","Gjermund Moastuen","2022-12-12 16:19","Prospect","Lead","Attempted to Contact","SEAONICS AS - New Deal","14720308633"
"10165666958","Cflow","Carl Petterson","2022-11-23 16:18","Prospect","Lead","Attempted to Contact","",""
"9790822326","OptoScale","Carl Petterson","2022-10-12 15:43","Prospect","Lead","Attempted to Contact","",""
"9673924433","Ørn Software AS (View software)","Carl Petterson","2022-09-27 13:27","Prospect","Lead","Attempted to Contact","Ørn Software AS (View software) - New Deal","11724937004"
"9627361035","lyonfuture.no","Gjermund Moastuen","2022-09-20 14:39","Prospect","Lead","Restart","",""
"9558554717","Inatur.no","Carl Petterson","2022-09-09 12:50","Prospect","Lead","Restart","",""
"9550967716","Infomedia","Gjermund Moastuen","2022-09-08 15:53","Prospect","Lead","Restart","Infomedia - New Deal","11724937061"
"9504227493","Aventia AS","Gjermund Moastuen","2022-09-01 13:58","Prospect","Lead","Attempted to Contact","",""
"9452069700","RAINFALL AS","Carl Petterson","2022-08-25 13:54","Prospect","Lead","Connected","",""
"9426223165","bluesystems","Gjermund Moastuen","2022-08-22 08:50","Prospect","Lead","Connected","",""
"9322679102","Maskinstyring AS","Carl Petterson","2022-08-05 14:48","Prospect","Lead","Connected","",""
"9308727341","sharpreflections.com","Carl Petterson","2022-08-04 09:40","Prospect","Lead","Attempted to Contact","",""
"9024295086","Buildit AS","Carl Petterson","2022-06-30 11:22","Prospect","Lead","Restart","",""
"8993243507","Task","Gjermund Moastuen","2022-06-27 10:56","Prospect","Lead","Attempted to Contact","",""
"8962485110","REBELL Produksjonsbyrå","Gjermund Moastuen","2022-06-22 09:03","Prospect","Lead","Restart","",""
"8862938249","skillcore.no","Gjermund Moastuen","2022-06-07 02:38","Prospect","Lead","Restart","",""
"8856932097","Logistra AS","Carl Petterson","2022-06-06 09:55","Prospect","Lead","Restart","",""
"8841778353","SIKRI AS","Carl Petterson","2022-06-03 14:52","Prospect","Lead","Nurturing","",""
"8841877430","Aibel AS","Carl Petterson","2022-06-03 14:45","Prospect","Lead","Restart","",""
"8841715761","Solcellespesialisten","Gjermund Moastuen","2022-06-03 14:36","Prospect","Lead","Restart","",""
"8781936130","Nordic Crane Group AS","Gjermund Moastuen","2022-05-25 13:00","Prospect","Lead","Attempted to Contact","",""
"33684648497","GuardREC AS","Gjermund Moastuen","2022-05-11 11:02","Prospect","Lead","Restart","",""
"8550080774","Fram Web","Gjermund Moastuen","2022-04-28 14:54","Prospect","Lead","Restart","",""
"8370720873","Balcoo AS","Gjermund Moastuen","2022-04-01 15:17","Prospect","Lead","Restart","",""
"30318964751","Datek","Gjermund Moastuen","2022-03-25 15:18","Prospect","Lead","Attempted to Contact","",""
"8292127928","Spirare","Carl Petterson","2022-03-22 15:46","Prospect","Lead","Restart","",""
"8271951749","METIZOFT AS","Carl Petterson","2022-03-21 11:30","Prospect","Lead","Restart","",""
"8206128967","AYFIE AS","Carl Petterson","2022-03-17 09:44","Prospect","Lead","Restart","",""
"7988543059","Verji","Carl Petterson","2022-02-23 10:01","Prospect","Lead","Attempted to Contact","",""
"7775098507","bazeport.com","Carl Petterson","2022-01-28 12:15","Prospect","Lead","Connected","Baze Technology AS - New Deal","10092745226"
"16945161390","COMPUTAS AS","Carl Petterson","2022-01-27 15:57","Prospect","Lead","Restart","",""
"7763958347","Skogdata","Carl Petterson","2022-01-27 09:33","Prospect","Lead","Restart","",""
"7709147251","Joubel AS ","Carl Petterson","2022-01-20 14:38","Prospect","Lead","Attempted to Contact","",""
"7695709710","Amedia","Carl Petterson","2022-01-19 02:54","Prospect","Lead","Nurturing","",""
"7695708968","Laerdal Medical","Gjermund Moastuen","2022-01-19 02:25","Prospect","Lead","Connected","",""
"7695500175","Handelsbanken","Gjermund Moastuen","2022-01-19 01:44","Prospect","Lead","Restart","",""
"7677009038","Widerøe","Gjermund Moastuen","2022-01-15 07:49","Prospect","Lead","Attempted to Contact","",""
"7676799519","Hurtigruten Inc","Carl Petterson","2022-01-15 07:28","Prospect","Lead","New","",""
"7676799417","Europris","Carl Petterson","2022-01-15 07:19","Prospect","Lead","New","",""
"7670329227","TOMRA","Gjermund Moastuen","2022-01-14 05:17","Prospect","Lead","Restart","",""
"7665696380","VITEC MEGLER AS","Gjermund Moastuen","2022-01-13 14:56","Prospect","Lead","Attempted to Contact","",""
"7607832189","DiaGraphIT®","Carl Petterson","2022-01-06 15:40","Prospect","Lead","Restart","",""
"7495000681","Millum","Gjermund Moastuen","2021-12-16 14:44","Prospect","Lead","Restart","",""
"7937465657","tellu.com","Carl Petterson","2021-12-13 08:05","Prospect","Lead","Connected","",""
"34668421547","PROCANO AS","Gjermund Moastuen","2021-12-07 13:15","Prospect","Lead","Connected","",""
"7373388713","Trafsys A/S","Gjermund Moastuen","2021-11-29 09:18","Prospect","Lead","Attempted to Contact","Trafsys A/S - New Deal","10107848788"
"7373376943","TRIFID NORGE AS","Gjermund Moastuen","2021-11-29 09:06","Prospect","Lead","Attempted to Contact","",""
"30326240093","KONGSBERG DIGITAL AS","Gjermund Moastuen","2021-11-24 09:56","Prospect","Lead","Attempted to Contact","",""
"7276473088","Avinor","Carl Petterson","2021-11-12 09:21","Prospect","Sales Qualified Lead","Nurturing","",""
"7276472930","Choice Hotels","Carl Petterson","2021-11-12 09:17","Prospect","Lead","New","",""
"7276369291","Circle K","Carl Petterson","2021-11-12 08:51","Prospect","Lead","New","",""
"7276368942","Bane NOR","Carl Petterson","2021-11-12 08:38","Prospect","Lead","New","",""
"7276160092","jotun","Carl Petterson","2021-11-12 07:18","Prospect","Lead","Nurturing","",""
"7269750876","Lerøy Seafood Group ASA","Gjermund Moastuen","2021-11-11 10:02","Prospect","Lead","Restart","",""
"7269708341","Elkem ASA","Carl Petterson","2021-11-11 09:38","Prospect","Lead","New","",""
"7269465352","Aker Solutions","Gjermund Moastuen","2021-11-11 08:00","Prospect","Lead","Restart","",""
"30318964285","Vitec Infoeasy","Gjermund Moastuen","2021-11-09 10:18","Prospect","Lead","Restart","",""
"7224569193","Expleo Group","Gjermund Moastuen","2021-11-04 10:26","Prospect","Lead","Restart","",""
"7214618488","POINT TAKEN AS","Carl Petterson","2021-11-02 21:13","Prospect","Lead","Attempted to Contact","",""
"7211698514","VODACOM AS","Carl Petterson","2021-11-02 15:54","Prospect","Lead","Restart","",""
"7154103303","Norsk Tipping","Carl Petterson","2021-10-22 06:12","Prospect","Lead","New","",""
"7150273907","TESTIFY AS","Gjermund Moastuen","2021-10-21 15:02","Prospect","Lead","Attempted to Contact","",""
"7120205970","Coop Norge Handel AS","Gjermund Moastuen","2021-10-16 02:20","Prospect","Lead","Connected","",""
"7120208421","DNB","Gjermund Moastuen","2021-10-16 01:57","Prospect","Lead","Restart","",""
"7120207439","NorgesGruppen","Gjermund Moastuen","2021-10-16 00:39","Prospect","Lead","Attempted to Contact","",""
"7102909191","Yara International","Carl Petterson","2021-10-13 07:53","Prospect","Lead","New","",""
"7102908703","Vy","Gjermund Moastuen","2021-10-13 07:32","Prospect","Lead","Connected","",""
"7095273774","Ruter","Gjermund Moastuen","2021-10-11 23:48","Prospect","Lead","Attempted to Contact","",""
"22744389172","Atea AS","Gjermund Moastuen","2021-10-07 06:29","Prospect","Opportunity","Connected","Atea","28353034629"
"6982452902","Sekal AS ","Carl Petterson","2021-09-22 13:40","Prospect","Lead","Restart","",""
"6966256658","Aptum","Carl Petterson","2021-09-20 11:06","Prospect","Lead","Connected","Aptum - New Deal","10107848760"
"6934762836","MAZEMAP AS","Gjermund Moastuen","2021-09-14 09:50","Prospect","Lead","Attempted to Contact","",""
"30326240107","INTERNSIKRING AS","Gjermund Moastuen","2021-09-13 13:08","Prospect","Lead","Attempted to Contact","",""
"17727576890","PRESIGHT SOLUTIONS AS","Gjermund Moastuen","2021-09-08 10:53","Prospect","Lead","Restart","",""
"31583223445","GETA AS","Carl Petterson","2021-08-27 11:10","Prospect","Lead","Connected","",""
"6758160171","Norbits AS","Gjermund Moastuen","2021-08-18 12:49","Prospect","Lead","Restart","",""
"6757501307","Jefferson Wells Norge","Gjermund Moastuen","2021-08-18 08:23","Prospect","Lead","Restart","",""
"6692958131","rizkdept.com","Gjermund Moastuen","2021-08-05 14:32","Prospect","Lead","","",""
"6821647123","VIRINCO AS","Gjermund Moastuen","2021-06-28 14:19","Prospect","Lead","Attempted to Contact","",""
"6299897683","CONTESTO AS","Gjermund Moastuen","2021-06-23 15:08","Prospect","Lead","Restart","",""
"6294835723","MarkedsPartner AS","Gjermund Moastuen","2021-06-23 08:34","Prospect","Lead","Restart","",""
"6289441940","Poseidon Simulation","Gjermund Moastuen","2021-06-22 14:48","Prospect","Lead","Connected","",""
"6257999657","CalWin Solutions","Carl Petterson","2021-06-17 14:18","Prospect","Lead","Connected","CalWin AS - New Deal","10092745260"
"6200608779","Odfjell SE","Gjermund Moastuen","2021-06-07 13:36","Prospect","Lead","Restart","",""
"6173056063","STACC AS","Gjermund Moastuen","2021-06-01 15:47","Prospect","Lead","Attempted to Contact","",""
"31779688778","FOLQ AS","Gjermund Moastuen","2021-05-27 07:15","Prospect","Lead","Restart","",""
"6099460910","Rosberg","Carl Petterson","2021-05-19 11:16","Prospect","Lead","Restart","",""
"6011024405","NECTO AS","Gjermund Moastuen","2021-05-05 15:54","Prospect","Lead","Attempted to Contact","",""
"5947479988","Akvafuture AS","Carl Petterson","2021-04-27 06:41","Prospect","Lead","Connected","",""
"30576730928","Navtor AS","Carl Petterson","2021-04-22 12:10","Prospect","Lead","Restart","",""
"5916836491","Innova","Gjermund Moastuen","2021-04-22 09:24","Prospect","Lead","Connected","",""
"5824169127","ØkonomiBistand AS","Carl Petterson","2021-04-09 13:39","Prospect","Lead","Restart","",""
"5693508022","Scandinavian Reach Technologies AS","Carl Petterson","2021-03-23 15:31","Prospect","Lead","Connected","",""
"34660176729","ScaleAQ","Carl Petterson","2021-03-22 08:46","Prospect","Lead","Attempted to Contact","ScaleAQ - New Deal","10107352874"
"5578832040","Skatteetaten","Carl Petterson","2021-03-09 11:21","Prospect","Sales Qualified Lead","Nurturing","",""
"5578588577","PISCADA AS","Carl Petterson","2021-03-09 10:31","Prospect","Lead","Attempted to Contact","",""
"5535021381","Zisson AS","Carl Petterson","2021-03-03 12:23","Prospect","Lead","Restart","",""
"5447625630","RedOx","Gjermund Moastuen","2021-02-25 11:25","Prospect","Lead","Attempted to Contact","",""
"5379945552","BRILLIANT AS","Gjermund Moastuen","2021-02-15 12:55","Prospect","Lead","Nurturing","",""
"5365616092","Sharebox","Gjermund Moastuen","2021-02-12 10:26","Prospect","Lead","Restart","",""
"30340240054","Cerpus","Gjermund Moastuen","2021-02-01 11:31","Prospect","Lead","Restart","",""
"5158143850","Flyt IT AS","Carl Petterson","2021-01-11 13:15","Prospect","Lead","Restart","",""
"5052008424","APPEX AS","Gjermund Moastuen","2020-12-18 15:11","Prospect","Lead","Restart","",""
"5051933928","Avito / Bi Builders","Carl Petterson","2020-12-18 14:47","Prospect","Lead","Restart","",""
"5007551402","Opscom Systems","Carl Petterson","2020-12-11 15:56","Prospect","Lead","Restart","",""
"4976874762","LuxSave AS","Gjermund Moastuen","2020-12-08 09:52","Prospect","Lead","Connected","",""
"4937575968","MARITECH AS","Carl Petterson","2020-12-02 01:07","Prospect","Lead","Attempted to Contact","",""
"4937250274","KODEBYRAAET AS","Gjermund Moastuen","2020-12-01 23:26","Prospect","Lead","Attempted to Contact","",""
"30326240282","DUALOG AS","Gjermund Moastuen","2020-11-27 14:28","Prospect","Lead","Restart","",""
"4910872396","Systor Vest AS","Gjermund Moastuen","2020-11-26 15:46","Prospect","Lead","Connected","",""
"4767803155","AXTech AS","Carl Petterson","2020-11-04 04:44","Prospect","Lead","Connected","AXTech AS - New Deal","16507999329"
"4720748457","Nixus AS","Carl Petterson","2020-10-27 21:40","Prospect","Lead","Restart","",""
"4715933197","DUETT AS","Carl Petterson","2020-10-27 08:09","Prospect","Lead","Nurturing","",""
"4702437741","Nexthop","Gjermund Moastuen","2020-10-23 14:31","Prospect","Lead","Restart","",""
"4662459166","AMS AS","Gjermund Moastuen","2020-10-19 02:16","Prospect","Lead","Restart","",""
"4661755380","Accountflow","Gjermund Moastuen","2020-10-19 01:25","Prospect","Lead","Restart","",""
"4632825198","CHECKD","Gjermund Moastuen","2020-10-14 22:07","Prospect","Lead","Restart","",""
"4628638903","Avans Soma AS","Gjermund Moastuen","2020-10-14 07:33","Prospect","Lead","Restart","",""
"4619897447","Aplia AS","Carl Petterson","2020-10-13 02:30","Prospect","Lead","Restart","",""
"33255066118","AXBIT AS","Gjermund Moastuen","2020-10-07 12:02","Prospect","Lead","Restart","",""
"4520595244","AXIA ","Carl Petterson","2020-09-23 22:51","Prospect","Lead","Connected","",""
"4489858248","7Sense Technologies AS","Carl Petterson","2020-09-17 23:51","Prospect","Lead","Connected","",""
"4467137323","Wiso AS","Gjermund Moastuen","2020-09-11 22:47","Prospect","Lead","Restart","",""
"4419760564","50 Degrees North","Carl Petterson","2020-09-01 00:21","Prospect","Lead","Nurturing","",""
"4187813602","Nurofy AS","Carl Petterson","2020-07-20 13:07","Prospect","Lead","Restart","",""
"30318964376","Nordea Norge","Gjermund Moastuen","2020-07-14 15:39","Prospect","Lead","Attempted to Contact","",""
"4118487323","ESMART SYSTEMS AS","Gjermund Moastuen","2020-07-06 06:13","Prospect","Lead","Restart","eSmart Systems - New Deal","6280419856"
"4109443095","TV 2","Gjermund Moastuen","2020-07-03 08:32","Prospect","Lead","Restart","",""
"4100267996","MIMIRO AS","Gjermund Moastuen","2020-07-02 09:07","Prospect","Lead","Attempted to Contact","",""
"30326238221","PROTERIA AS","Carl Petterson","2020-07-02 08:33","Prospect","Lead","Connected","PROTERIA AS - New Deal","16858401908"
"4100236284","DFIND CONSULTING AS","Carl Petterson","2020-07-02 08:25","Prospect","Lead","Restart","",""
"4100248898","Sanity.io","Gjermund Moastuen","2020-07-02 08:19","Prospect","Lead","Restart","",""
"30326239867","SpareBank 1 Gruppen AS","Gjermund Moastuen","2020-07-01 06:39","Prospect","Lead","Attempted to Contact","",""
"4091179036","KANTEGA AS","Gjermund Moastuen","2020-07-01 06:34","Prospect","Lead","Attempted to Contact","",""
"30326238211","Telenor ASA","Gjermund Moastuen","2020-07-01 06:25","Prospect","Opportunity","Connected","Telenor Hub","34453775254"
"4091148046","Knowit","Carl Petterson","2020-07-01 06:21","Prospect","Lead","Restart","",""
"4091172991","Systek AS","Carl Petterson","2020-07-01 06:07","Prospect","Lead","Attempted to Contact","",""
"4091123926","Ambita","Gjermund Moastuen","2020-07-01 05:58","Prospect","Lead","Attempted to Contact","",""
"4091047721","Altibox AS","Gjermund Moastuen","2020-07-01 03:08","Prospect","Lead","New","",""
"30318962724","Attensi AS","Gjermund Moastuen","2020-07-01 03:03","Prospect","Lead","Attempted to Contact","",""
"4083203716","Apotek 1","Gjermund Moastuen","2020-06-30 02:46","Prospect","Lead","Attempted to Contact","",""
"4083203142","FINN NO AS","Gjermund Moastuen","2020-06-30 02:29","Prospect","Lead","Attempted to Contact","",""
"30576730887","Schibsted","Carl Petterson","2020-06-30 02:29","Prospect","Sales Qualified Lead","New","",""
"4083212220","Norwegian","Carl Petterson","2020-06-30 02:10","Prospect","Lead","Restart","",""
"4078131445","BOUVET NORGE AS","Carl Petterson","2020-06-29 02:06","Prospect","Lead","Restart","",""
"4078084239","DISTRIBUTION INNOVATION AS","Gjermund Moastuen","2020-06-29 01:40","Prospect","Lead","Restart","",""
"4008102669","ARUNDO ANALYTICS AS","Gjermund Moastuen","2020-06-16 02:30","Prospect","Lead","Restart","",""
"30318964656","EXPERIS AS","Gjermund Moastuen","2020-06-15 23:58","Prospect","Lead","Attempted to Contact","",""
"30326238242","Proventus AS","Gjermund Moastuen","2020-06-11 22:31","Prospect","Opportunity","Nurturing","Proventus AS - Ny Deal","37895434063"
"3887329927","AutoStore","Gjermund Moastuen","2020-05-19 17:40","Prospect","Lead","Restart","",""
"3880315002","Sensio RoomMate AS","Carl Petterson","2020-05-18 14:20","Prospect","Sales Qualified Lead","Connected","",""
"3879639009","OBOS","Gjermund Moastuen","2020-05-18 10:54","Prospect","Lead","Connected","Obos","28351076225"
"31037376176","ENTUR AS","Gjermund Moastuen","2020-05-18 10:46","Prospect","Lead","Attempted to Contact","",""
"30326238127","fotoware.no","Carl Petterson","2020-05-14 16:44","Prospect","Lead","Attempted to Contact","",""
"3863695409","A-2 Norge AS","Gjermund Moastuen","2020-05-13 13:14","Prospect","Lead","Attempted to Contact","",""
"30318964034","Aller","Gjermund Moastuen","2020-05-13 10:59","Prospect","Lead","Connected","",""
"30318964035","Appear","Gjermund Moastuen","2020-05-08 12:24","Prospect","Lead","Attempted to Contact","",""
"3828052143","Posten Norge AS","Carl Petterson","2020-05-04 15:53","Prospect","Lead","Attempted to Contact","",""
"3827803956","Cappelen Damm","Gjermund Moastuen","2020-05-04 13:44","Prospect","Lead","Restart","",""
"3449128509","Eidsvoll Electronics AS","Gjermund Moastuen","2020-04-27 12:09","Prospect","Lead","Restart","",""
"3437299560","ADMINCONTROL AS","Gjermund Moastuen","2020-04-27 11:57","Prospect","Lead","Attempted to Contact","",""
"16945959331","GSGROUP AS","Carl Petterson","2020-03-12 13:50","Prospect","Lead","Connected","GSGroup","22992184198"
"3173036953","CAPGEMINI NORGE AS","Carl Petterson","2020-03-12 13:45","Prospect","Lead","Restart","",""
"3173052638","Techconsult AS","Gjermund Moastuen","2020-03-12 13:41","Prospect","Lead","Restart","",""
"3173036339","Storebrand","Gjermund Moastuen","2020-03-12 13:37","Prospect","Lead","Connected","",""
"30318964322","TIETOEVRY NORWAY AS","Gjermund Moastuen","2020-03-12 13:25","Prospect","Lead","Attempted to Contact","",""
"3172978258","FIIZK DIGITAL AS","Gjermund Moastuen","2020-03-12 13:06","Prospect","Lead","Connected","",""
"3165375191","Fremtind","Gjermund Moastuen","2020-03-11 11:33","Prospect","Lead","Attempted to Contact","",""
"2917024301","Kongsberg Gruppen","Gjermund Moastuen","2020-01-31 12:05","Prospect","Lead","Connected","",""
"2897933695","Gjensidige i Norge","Gjermund Moastuen","2020-01-28 11:40","Prospect","Lead","Attempted to Contact","",""
"2897934704","CGI Inc","Gjermund Moastuen","2020-01-28 11:31","Prospect","Lead","Restart","",""
"2897913953","DIPS ASA","Gjermund Moastuen","2020-01-28 11:15","Prospect","Lead","Nurturing","",""
"30326240301","Applica Consulting","Gjermund Moastuen","2020-01-28 11:03","Prospect","Lead","Attempted to Contact","",""
"30576730936","Cegal","Carl Petterson","2020-01-09 11:22","Prospect","Lead","Attempted to Contact","",""
"2640906484","Jottacloud","Gjermund Moastuen","2019-11-29 10:11","Prospect","Lead","Restart","",""
"2627404211","Provendo AS","Gjermund Moastuen","2019-11-26 09:30","Prospect","Lead","Restart","",""
"30326238214","ITERA NORGE AS","Gjermund Moastuen","2019-11-15 10:44","Prospect","Opportunity","Attempted to Contact","Itera AS","28353277219"
"2522623317","Norsk Elektro Optikk AS","Gjermund Moastuen","2019-10-23 13:13","Prospect","Lead","Nurturing","",""
"2373292512","Offpad","Gjermund Moastuen","2019-09-02 13:34","Prospect","Lead","Restart","",""
"1952488119","ECIT PERITUS AS","Gjermund Moastuen","2019-05-10 06:58","Prospect","Lead","Attempted to Contact","",""
"1874070499","SIGNICAT AS","Carl Petterson","2019-05-01 05:04","Prospect","Lead","Restart","",""
"1874028594","Sportradar","Gjermund Moastuen","2019-05-01 04:47","Prospect","Lead","Attempted to Contact","",""
"1858634378","NEPTUNE SOFTWARE AS","Gjermund Moastuen","2019-04-27 06:58","Prospect","Lead","Restart","",""
"1774392153","iTet","Carl Petterson","2019-04-01 07:28","Prospect","Lead","Nurturing","",""
"1774392062","Terki AS","Gjermund Moastuen","2019-04-01 07:03","Prospect","Lead","Restart","",""
"1773559425","Eltek AS","Carl Petterson","2019-03-31 12:03","Prospect","Lead","Restart","",""
